S.No,Date Created,Emirates ID,Applicant Name,Voucher ID,Created Branch,Redemption Branch,Mode of Payment,Vehicle Type,Voucher Amount (AED),Status,CSS First Name / Student Name,CSS Last Name
1,2023-09-25 01:31:00 PM,169562882284735,ranjith,230925628860,Abudhabi - 01,,Cash,Heavy Mech Equipment,66.0,Created,newcss,env
2,2023-09-22 04:39:28 PM,169538088779553,ranjith,230922380968,Abudhabi - 01,,Cash,Light Mech Equipment,44.0,Cancelled,newcss,env
3,2023-06-23 06:39:27 PM,245687910387356,MUHAMMAD SHERAFGAN ZEESHAN ADIL ABDUL HAMEED ABBASI MUHAMMAD SHERAFGAN ZEESHAN ADIL ABDUL HAMEED ABBASI,230623525767,Abudhabi - 01,Abudhabi - 01,Online,Motor Cycle,11.11,Expired,newcss,env
4,2023-09-22 01:55:30 PM,169537108730908,ranjith,230922371130,Abudhabi - 01,,Cash,Light Mech Equipment,44.0,Created,newcss,env
5,2023-09-22 01:36:34 PM,169536995771393,ranjith,230922369994,Abudhabi - 01,Abudhabi - 01,Cash,Light Mech Equipment,44.0,Reactivated,newcss,env
6,2023-09-22 01:30:52 PM,169536959576889,ranjith,230922369652,Abudhabi - 01,,Cash,Heavy Mech Equipment,66.0,Cancelled,newcss,env
7,2023-09-07 04:19:21 PM,169408379760838,MUHAMMAD SHERAFGAN ZEESHAN ADIL ABDUL HAMEED ABBASI,230907083761,Abudhabi - 01,Abudhabi - 01,Cash,Light Mech Equipment,44.0,Reactivated,newcss,env
8,2023-09-07 04:06:57 PM,169408305290867,MUHAMMAD SHERAFGAN ZEESHAN ADIL ABDUL HAMEED ABBASI,230907083017,Abudhabi - 01,Abudhabi - 01,Cash,Light Mech Equipment,44.0,Reactivated,newcss,env
9,2023-09-07 04:00:01 PM,169408262931681,MUHAMMAD SHERAFGAN ZEESHAN ADIL ABDUL HAMEED ABBASI,230907082601,Abudhabi - 01,Abudhabi - 01,Cash,Light Mech Equipment,44.0,Reactivated,newcss,env
10,2023-09-07 03:39:18 PM,169408138739845,MUHAMMAD SHERAFGAN ZEESHAN ADIL ABDUL HAMEED ABBASI,230907081358,Abudhabi - 01,Abudhabi - 01,Cash,Light Mech Equipment,44.0,Reactivated,newcss,env
11,2023-09-07 02:10:10 PM,169407604657581,MUHAMMAD SHERAFGAN ZEESHAN ADIL ABDUL HAMEED ABBASI,230907076010,Abudhabi - 01,Abudhabi - 01,Cash,Light Mech Equipment,44.0,Reactivated,newcss,env
12,2023-09-07 12:29:31 PM,169406999988714,MUHAMMAD SHERAFGAN ZEESHAN ADIL ABDUL HAMEED ABBASI,230907069971,Abudhabi - 01,Abudhabi - 01,Cash,Light Mech Equipment,44.0,Reactivated,newcss,env
13,2023-09-21 01:57:28 PM,169528480553859,ranjith,230921284848,Abudhabi - 01,Abudhabi - 01,Cash,Light Mech Equipment,44.0,Reactivated,newcss,env
14,2023-09-21 01:29:35 PM,169528315013820,ranjith,230921283175,Abudhabi - 01,Abudhabi - 01,Cash,Light Mech Equipment,44.0,Reactivated,newcss,env
15,2023-09-18 01:25:01 PM,169502369855968,ranjith,230918023701,Abudhabi - 01,Abudhabi - 01,Cash,Light Mech Equipment,44.0,Reactivated,newcss,env
16,2023-09-08 03:07:48 PM,169416590198472,MUHAMMAD SHERAFGAN ZEESHAN ADIL ABDUL HAMEED ABBASI,230908165868,Abudhabi - 01,,Cash,Light Mech Equipment,44.0,Refund Rejected,newcss,env
17,2023-09-08 02:55:27 PM,169416516099782,MUHAMMAD SHERAFGAN ZEESHAN ADIL ABDUL HAMEED ABBASI,230908165127,Abudhabi - 01,,Cash,Light Vehicle,22.0,Refund Rejected,newcss,env
18,2023-09-08 02:49:53 PM,169416482704764,MUHAMMAD SHERAFGAN ZEESHAN ADIL ABDUL HAMEED ABBASI,230908164793,Abudhabi - 01,,Cash,Light Mech Equipment,44.0,Refund Rejected,newcss,env
19,2023-09-08 02:46:27 PM,169416462146375,MUHAMMAD SHERAFGAN ZEESHAN ADIL ABDUL HAMEED ABBASI,230908164587,Abudhabi - 01,,Cash,Light Mech Equipment,44.0,Refund Rejected,newcss,env
20,2023-09-08 02:40:57 PM,169416429057064,MUHAMMAD SHERAFGAN ZEESHAN ADIL ABDUL HAMEED ABBASI,230908164257,Abudhabi - 01,,Cash,Light Mech Equipment,44.0,Refund Rejected,newcss,env
21,2023-09-08 02:35:28 PM,169416396215792,MUHAMMAD SHERAFGAN ZEESHAN ADIL ABDUL HAMEED ABBASI,230908163928,Abudhabi - 01,,Cash,Light Mech Equipment,44.0,Refund Rejected,newcss,env
22,2023-09-08 02:29:36 PM,169416361013281,MUHAMMAD SHERAFGAN ZEESHAN ADIL ABDUL HAMEED ABBASI,230908163576,Abudhabi - 01,,Cash,Light Mech Equipment,44.0,Refund Rejected,newcss,env
23,2023-09-08 02:24:26 PM,169416329458210,MUHAMMAD SHERAFGAN ZEESHAN ADIL ABDUL HAMEED ABBASI,230908163266,Abudhabi - 01,,Cash,Light Mech Equipment,44.0,Refund Rejected,newcss,env
24,2023-09-08 01:41:37 PM,169416072634033,MUHAMMAD SHERAFGAN ZEESHAN ADIL ABDUL HAMEED ABBASI,230908160697,Abudhabi - 01,,Cash,Light Mech Equipment,44.0,Refund Rejected,newcss,env
25,2023-09-08 01:30:01 PM,169416003474065,MUHAMMAD SHERAFGAN ZEESHAN ADIL ABDUL HAMEED ABBASI,230908160001,Abudhabi - 01,,Cash,Light Mech Equipment,44.0,Refund Rejected,newcss,env
26,2023-09-08 01:25:12 PM,169415974566876,MUHAMMAD SHERAFGAN ZEESHAN ADIL ABDUL HAMEED ABBASI,230908159712,Abudhabi - 01,,Cash,Light Mech Equipment,44.0,Refund Rejected,newcss,env
27,2023-09-08 01:21:33 PM,169415952166918,MUHAMMAD SHERAFGAN ZEESHAN ADIL ABDUL HAMEED ABBASI,230908159493,Abudhabi - 01,,Cash,Light Mech Equipment,44.0,Refund Rejected,newcss,env
28,2023-09-08 12:30:13 PM,169415644136337,MUHAMMAD SHERAFGAN ZEESHAN ADIL ABDUL HAMEED ABBASI,230908156413,Abudhabi - 01,,Cash,Light Mech Equipment,44.0,Refund Rejected,newcss,env
29,2023-06-08 06:43:28 PM,431568739080754,MUHAMMAD SHERAFGAN ZEESHAN ADIL ABDUL HAMEED ABBASI MUHAMMAD SHERAFGAN ZEESHAN ADIL ABDUL HAMEED ABBASI,230608230008,Abudhabi - 01,,Online,Motor Cycle,11.11,Refund Rejected,newcss,env
30,2023-06-05 08:13:55 PM,113243456143532,MUHAMMAD SHERAFGAN ZEESHAN ADIL ABDUL HAMEED ABBASI MUHAMMAD SHERAFGAN ZEESHAN ADIL ABDUL HAMEED ABBASI MUHAMMAD SHERAFGAN ZEESHAN ADIL ABDUL HAMEED A,230605976235,Abudhabi - 01,,Online,Heavy Vehicle,110.0,Refund Rejected,newcss,env
31,2023-04-05 04:40:50 PM,123456453421345,MOHAMMED ALI,230405693050,Abudhabi - 01,,Cash,Heavy Vehicle,110.0,Refund Rejected,newcss,env
32,2023-03-15 04:33:48 PM,345678912865763,MOHAMMED ALI,230315878228,Abudhabi - 01,,Cash,Motor Cycle,11.11,Refund Rejected,newcss,env
33,2023-03-15 04:19:14 PM,651684984561684,MOHAMMED ALI,230315877354,Abudhabi - 01,,Online,Light Mech Equipment,44.0,Refund Rejected,berlin,berlin
34,2022-11-11 11:54:02 AM,345465768796543,MOHAMMED ALI,221111147842,Abudhabi - 01,,Cash,Motor Cycle,10.1,Refund Rejected,newcss,env
35,2023-09-21 01:47:12 PM,169528420540246,ranjith,230921284232,Abudhabi - 01,,Cash,Heavy Vehicle,110.0,Refund Rejected,newcss,env
36,2023-09-21 01:42:02 PM,169528389552022,ranjith,230921283922,Abudhabi - 01,,Cash,Heavy Vehicle,110.0,Refunded,newcss,env
37,2023-09-21 01:36:50 PM,169528358491678,ranjith,230921283610,Abudhabi - 01,Abudhabi - 01,Cash,Light Mech Equipment,44.0,Reactivate Rejected,newcss,env
38,2023-09-21 01:33:02 PM,169528333982174,ranjith,230921283382,Abudhabi - 01,Abudhabi - 01,Cash,Light Vehicle,22.0,Declined,newcss,env
39,2023-09-21 01:24:31 PM,169528283202078,ranjith,230921282871,Abudhabi - 01,,Cash,Heavy Mech Equipment,66.0,Cancelled,newcss,env
40,2023-09-20 01:48:31 PM,169519787898407,ranjith,230920197911,Abudhabi - 01,,Cash,Heavy Vehicle,110.0,Refund Rejected,newcss,env
41,2023-09-20 01:42:47 PM,169519753132394,ranjith,230920197567,Abudhabi - 01,,Cash,Heavy Vehicle,110.0,Refunded,newcss,env
42,2023-09-20 01:37:12 PM,169519720662461,ranjith,230920197232,Abudhabi - 01,Abudhabi - 01,Cash,Light Mech Equipment,44.0,Reactivate Rejected,newcss,env
43,2023-09-20 01:32:56 PM,169519692239893,ranjith,230920196976,Abudhabi - 01,Abudhabi - 01,Cash,Light Vehicle,22.0,Declined,newcss,env
44,2023-09-20 01:26:03 PM,169519650379625,ranjith,230920196563,Abudhabi - 01,,Cash,Heavy Mech Equipment,66.0,Cancelled,newcss,env
45,2023-09-20 11:07:19 AM,169518821268982,ranjith,230920188239,Abudhabi - 01,,Cash,Light Mech Equipment,44.0,Created,newcss,env
46,2023-09-19 02:15:11 PM,169511312972624,ranjith,230919113111,Abudhabi - 01,Abudhabi - 01,Cash,Light Mech Equipment,44.0,Reactivated,newcss,env
47,2023-09-19 02:32:15 PM,169511411751734,ranjith,230919114135,Abudhabi - 01,,Cash,Heavy Vehicle,110.0,Refund Rejected,newcss,env
48,2023-09-19 02:27:06 PM,169511380936107,ranjith,230919113826,Abudhabi - 01,,Cash,Heavy Vehicle,110.0,Refunded,newcss,env
49,2023-09-19 02:22:07 PM,169511350999749,ranjith,230919113527,Abudhabi - 01,Abudhabi - 01,Cash,Light Mech Equipment,44.0,Reactivate Rejected,newcss,env
50,2023-09-19 02:18:26 PM,169511327525146,ranjith,230919113306,Abudhabi - 01,Abudhabi - 01,Cash,Light Vehicle,22.0,Declined,newcss,env
51,2023-09-19 02:10:54 PM,169511281859536,ranjith,230919112854,Abudhabi - 01,,Cash,Heavy Mech Equipment,66.0,Cancelled,newcss,env
52,2023-09-19 02:02:03 PM,169511228742997,ranjith,230919112323,Abudhabi - 01,,,Light Mech Equipment,44.0,Draft,newcss,env
53,2023-09-18 01:46:54 PM,169502499433928,ranjith,230918025014,Abudhabi - 01,,Cash,Light Mech Equipment,44.0,Cancelled,newcss,env
54,2023-09-18 01:56:47 PM,169502432356702,ranjith,230918025607,Abudhabi - 01,,,Heavy Vehicle,110.0,Draft,newcss,env
55,2023-09-18 01:37:20 PM,169502443616287,ranjith,230918024440,Abudhabi - 01,,Cash,Heavy Vehicle,110.0,Refund Rejected,newcss,env
56,2023-09-18 01:30:33 PM,169502402903169,ranjith,230918024033,Abudhabi - 01,Abudhabi - 01,Cash,Light Mech Equipment,44.0,Reactivate Rejected,newcss,env
57,2023-09-18 01:28:06 PM,169502387173482,ranjith,230918023886,Abudhabi - 01,,Cash,Light Vehicle,22.0,Created,newcss,env
58,2023-09-18 01:20:41 PM,169502342190916,ranjith,230918023441,Abudhabi - 01,,Cash,Heavy Mech Equipment,66.0,Cancelled,newcss,env
59,2023-09-18 11:14:41 AM,142196785639767,test,230918015881,Abudhabi - 01,,Cash,Heavy Bus,110.0,Created,newcss,env
60,2023-09-15 03:07:44 PM,169476955385300,ranjith,230915770664,Abudhabi - 01,,,Light Vehicle,22.0,Draft,newcss,env
61,2023-09-15 03:03:09 PM,169477038306180,ranjith,230915770389,Abudhabi - 01,,Cash,Heavy Vehicle,110.0,Refund Rejected,newcss,env
62,2023-09-15 02:58:11 PM,169477008609702,ranjith,230915770091,Abudhabi - 01,,Cash,Heavy Vehicle,110.0,Refunded,newcss,env
63,2023-09-15 02:53:27 PM,169476980445043,ranjith,230915769807,Abudhabi - 01,Abudhabi - 01,Cash,Light Mech Equipment,44.0,Reactivate Rejected,newcss,env
64,2023-09-15 02:46:32 PM,169476938787959,ranjith,230915769392,Abudhabi - 01,Abudhabi - 01,Cash,Light Mech Equipment,44.0,Reactivated,newcss,env
65,2023-09-15 02:43:06 PM,169476915878623,ranjith,230915769186,Abudhabi - 01,,,Light Vehicle,22.0,Draft,newcss,env
66,2023-09-15 02:39:59 PM,169476900053868,ranjith,230915768999,Abudhabi - 01,Abudhabi - 01,Cash,Light Mech Equipment,44.0,Redeemed,newcss,env
67,2023-09-15 02:26:56 PM,169476821287829,ranjith,230915768216,Abudhabi - 01,,Cash,Heavy Vehicle,110.0,Created,newcss,env
68,2023-09-15 02:17:38 PM,169476765434192,ranjith,230915767658,Abudhabi - 01,Abudhabi - 01,Cash,Light Mech Equipment,44.0,Reactivated,newcss,env
69,2023-09-15 02:20:23 PM,169476781126794,ranjith,230915767823,Abudhabi - 01,Abudhabi - 01,Cash,Light Vehicle,22.0,Declined,newcss,env
70,2023-09-15 02:06:15 PM,169476695543579,ranjith,230915766975,Abudhabi - 01,Abudhabi - 01,Cash,Light Vehicle,22.0,Declined,newcss,env
71,2023-09-15 01:57:55 PM,169476645301044,ranjith,230915766475,Abudhabi - 01,,Cash,Light Vehicle,22.0,Created,newcss,env
72,2023-09-15 01:49:45 PM,169476596484011,ranjith,230915765985,Abudhabi - 01,,Cash,Light Mech Equipment,44.0,Created,newcss,env
73,2023-09-15 01:42:41 PM,169476555549201,ranjith,230915765561,Abudhabi - 01,,Cash,Heavy Vehicle,110.0,Created,newcss,env
74,2023-09-15 01:40:33 PM,169476542934789,ranjith,230915765433,Abudhabi - 01,,Cash,Heavy Vehicle,110.0,Created,newcss,env
75,2023-09-15 01:33:09 PM,169476496681447,ranjith,230915764989,Abudhabi - 01,Abudhabi - 01,Cash,Light Vehicle,22.0,Reactivate Rejected,newcss,env
76,2023-09-15 01:30:04 PM,169476479806708,ranjith,230915764804,Abudhabi - 01,Abudhabi - 01,Cash,Light Mech Equipment,44.0,Reactivated,newcss,env
77,2023-09-15 01:25:59 PM,169476453707569,ranjith,230915764559,Abudhabi - 01,,Cash,Heavy Mech Equipment,66.0,Cancelled,newcss,env
78,2023-09-15 10:38:45 AM,169475450739641,ranjith,230915754525,Abudhabi - 01,,Cash,Light Mech Equipment,44.0,Created,newcss,env
79,2023-09-15 10:26:18 AM,169475376406914,ranjith,230915753778,Abudhabi - 01,,Cash,Light Mech Equipment,44.0,Created,newcss,env
80,2023-09-15 10:07:41 AM,169475263936749,ranjith,230915752661,Abudhabi - 01,,Cash,Light Mech Equipment,44.0,Created,newcss,env
81,2023-09-14 06:50:40 PM,123567865432345,gyigouhducdc,230914697640,Abudhabi - 01,,Cash,Motor Cycle,11.11,Created,newcss,env
82,2023-09-12 12:58:19 PM,169450369292674,ranjith,230912503699,Abudhabi - 01,,Cash,Heavy Vehicle,110.0,Refunded,newcss,env
83,2023-09-12 12:50:11 PM,169450320729732,ranjith,230912503211,Abudhabi - 01,Abudhabi - 01,Cash,Light Mech Equipment,44.0,Reactivate Rejected,newcss,env
84,2023-09-12 12:46:51 PM,169450298947251,ranjith,230912503011,Abudhabi - 01,,Cash,Heavy Mech Equipment,66.0,Created,newcss,env
85,2023-09-12 11:06:39 AM,123456787654321,ranjith,230912496999,Abudhabi - 01,,Cash,Heavy Bus,110.0,Created,newcss,env
86,2023-09-05 11:08:15 AM,169389232775084,MUHAMMAD SHERAFGAN ZEESHAN ADIL ABDUL HAMEED ABBASI,230905892295,Abudhabi - 01,,Cash,Light Bus,33.0,Cancelled,newcss,env
87,2023-09-08 05:49:27 PM,169417560166239,MUHAMMAD SHERAFGAN ZEESHAN ADIL ABDUL HAMEED ABBASI,230908175567,Abudhabi - 01,,Cash,Heavy Vehicle,110.0,Refund Rejected,newcss,env
88,2023-09-08 05:45:24 PM,169417535777207,MUHAMMAD SHERAFGAN ZEESHAN ADIL ABDUL HAMEED ABBASI,230908175324,Abudhabi - 01,,Cash,Heavy Vehicle,110.0,Refunded,newcss,env
89,2023-09-08 05:38:58 PM,169417497186678,MUHAMMAD SHERAFGAN ZEESHAN ADIL ABDUL HAMEED ABBASI,230908174938,Abudhabi - 01,Abudhabi - 01,Cash,Light Mech Equipment,44.0,Reactivate Rejected,newcss,env
90,2023-09-08 05:37:14 PM,169417486224836,MOHAMMED ALI,230908174834,Abudhabi - 01,,Cash,Heavy Mech Equipment,66.0,Created,newcss,env
91,2023-09-08 05:18:39 PM,169417375319558,MUHAMMAD SHERAFGAN ZEESHAN ADIL ABDUL HAMEED ABBASI,230908173719,Abudhabi - 01,,Cash,Heavy Vehicle,110.0,Refund Rejected,newcss,env
92,2023-09-08 05:14:08 PM,169417348185268,MUHAMMAD SHERAFGAN ZEESHAN ADIL ABDUL HAMEED ABBASI,230908173448,Abudhabi - 01,,Cash,Heavy Vehicle,110.0,Refunded,newcss,env
93,2023-09-08 05:10:24 PM,169417325833273,MUHAMMAD SHERAFGAN ZEESHAN ADIL ABDUL HAMEED ABBASI,230908173224,Abudhabi - 01,,Cash,Light Vehicle,22.0,Created,newcss,env
94,2023-09-08 05:08:06 PM,169417311496756,MUHAMMAD SHERAFGAN ZEESHAN ADIL ABDUL HAMEED ABBASI,230908173086,Abudhabi - 01,,Cash,Heavy Vehicle,110.0,Created,newcss,env
95,2023-09-08 05:01:46 PM,169417274034310,MUHAMMAD SHERAFGAN ZEESHAN ADIL ABDUL HAMEED ABBASI,230908172706,Abudhabi - 01,,Cash,Heavy Vehicle,110.0,Created,newcss,env
96,2023-09-08 04:59:44 PM,169417261184402,MUHAMMAD SHERAFGAN ZEESHAN ADIL ABDUL HAMEED ABBASI,230908172584,Abudhabi - 01,,Cash,Heavy Vehicle,110.0,Created,newcss,env
97,2023-09-08 03:56:18 PM,169416881233232,MUHAMMAD SHERAFGAN ZEESHAN ADIL ABDUL HAMEED ABBASI,230908168778,Abudhabi - 01,,Cash,Heavy Vehicle,110.0,Refund Rejected,newcss,env
98,2023-09-08 03:44:42 PM,169416811006880,MUHAMMAD SHERAFGAN ZEESHAN ADIL ABDUL HAMEED ABBASI,230908168082,Abudhabi - 01,,Cash,Light Mech Equipment,44.0,Refunded,newcss,env
99,2023-09-08 03:34:18 PM,169416748549884,MUHAMMAD SHERAFGAN ZEESHAN ADIL ABDUL HAMEED ABBASI,230908167458,Abudhabi - 01,,Cash,Light Mech Equipment,44.0,Refunded,newcss,env
100,2023-09-08 03:13:30 PM,169416624403070,MUHAMMAD SHERAFGAN ZEESHAN ADIL ABDUL HAMEED ABBASI,230908166210,Abudhabi - 01,,Cash,Light Mech Equipment,44.0,Refunded,newcss,env
101,2023-09-08 03:00:57 PM,169416549052630,MUHAMMAD SHERAFGAN ZEESHAN ADIL ABDUL HAMEED ABBASI,230908165457,Abudhabi - 01,,Cash,Light Vehicle,22.0,Created,newcss,env
102,2023-09-08 12:34:05 PM,169415667903022,MUHAMMAD SHERAFGAN ZEESHAN ADIL ABDUL HAMEED ABBASI,230908156645,Abudhabi - 01,,Cash,Light Mech Equipment,44.0,Refund Approved,newcss,env
103,2023-09-08 12:10:36 PM,169415527021718,MUHAMMAD SHERAFGAN ZEESHAN ADIL ABDUL HAMEED ABBASI,230908155236,Abudhabi - 01,,Cash,Light Mech Equipment,44.0,Created,newcss,env
104,2023-09-08 12:07:13 PM,169415506177882,MUHAMMAD SHERAFGAN ZEESHAN ADIL ABDUL HAMEED ABBASI,230908155033,Abudhabi - 01,,Cash,Light Mech Equipment,44.0,Created,newcss,env
105,2023-09-08 11:47:16 AM,169415386502711,MUHAMMAD SHERAFGAN ZEESHAN ADIL ABDUL HAMEED ABBASI,230908153836,Abudhabi - 01,,Cash,Light Mech Equipment,44.0,Created,newcss,env
106,2023-09-08 11:28:27 AM,169415274126065,MUHAMMAD SHERAFGAN ZEESHAN ADIL ABDUL HAMEED ABBASI,230908152707,Abudhabi - 01,,Cash,Light Mech Equipment,44.0,Created,newcss,env
107,2023-09-08 11:26:07 AM,169415260089884,MUHAMMAD SHERAFGAN ZEESHAN ADIL ABDUL HAMEED ABBASI,230908152567,Abudhabi - 01,,Cash,Light Vehicle,22.0,Created,newcss,env
108,2023-09-08 11:22:19 AM,169415237290095,MUHAMMAD SHERAFGAN ZEESHAN ADIL ABDUL HAMEED ABBASI,230908152339,Abudhabi - 01,,Cash,Light Mech Equipment,44.0,Created,newcss,env
109,2023-09-08 10:18:56 AM,169414857010380,MUHAMMAD SHERAFGAN ZEESHAN ADIL ABDUL HAMEED ABBASI,230908148536,Abudhabi - 01,Abudhabi - 01,Cash,Light Mech Equipment,44.0,Reactivate Rejected,newcss,env
110,2023-09-08 10:17:32 AM,169414848598008,MOHAMMED ALI,230908148452,Abudhabi - 01,,Cash,Heavy Mech Equipment,66.0,Cancelled,newcss,env
111,2023-09-08 10:08:07 AM,169414792441210,MUHAMMAD SHERAFGAN ZEESHAN ADIL ABDUL HAMEED ABBASI,230908147887,Abudhabi - 01,Abudhabi - 01,Cash,Light Mech Equipment,44.0,Reactivate Rejected,newcss,env
112,2023-09-07 02:08:48 PM,169407595770712,MOHAMMED ALI,230907075928,Abudhabi - 01,,Cash,Heavy Mech Equipment,66.0,Cancelled,newcss,env
113,2023-09-07 06:12:30 PM,169409058595583,MUHAMMAD SHERAFGAN ZEESHAN ADIL ABDUL HAMEED ABBASI,230907090550,Abudhabi - 01,Abudhabi - 01,Cash,Light Mech Equipment,44.0,Reactivate Rejected,newcss,env
114,2023-09-07 06:10:37 PM,169409047307142,MUHAMMAD SHERAFGAN ZEESHAN ADIL ABDUL HAMEED ABBASI,230907090437,Abudhabi - 01,Abudhabi - 01,Cash,Light Mech Equipment,44.0,Redeemed,newcss,env
115,2023-09-07 06:08:40 PM,169409034784106,MUHAMMAD SHERAFGAN ZEESHAN ADIL ABDUL HAMEED ABBASI,230907090320,Abudhabi - 01,Abudhabi - 01,Cash,Light Mech Equipment,44.0,Redeemed,newcss,env
116,2023-09-07 04:29:19 PM,169408439562699,MUHAMMAD SHERAFGAN ZEESHAN ADIL ABDUL HAMEED ABBASI,230907084359,Abudhabi - 01,Abudhabi - 01,Cash,Light Mech Equipment,44.0,Reactivate Rejected,newcss,env
117,2023-09-07 04:27:28 PM,169408428441424,MUHAMMAD SHERAFGAN ZEESHAN ADIL ABDUL HAMEED ABBASI,230907084248,Abudhabi - 01,Abudhabi - 01,Cash,Light Mech Equipment,44.0,Redeemed,newcss,env
118,2023-09-07 04:25:35 PM,169408417106775,MUHAMMAD SHERAFGAN ZEESHAN ADIL ABDUL HAMEED ABBASI,230907084135,Abudhabi - 01,Abudhabi - 01,Cash,Light Mech Equipment,44.0,Redeemed,newcss,env
119,2023-09-07 04:01:59 PM,169408275557286,MUHAMMAD SHERAFGAN ZEESHAN ADIL ABDUL HAMEED ABBASI MUHAMMAD SHERAFGAN ZEESHAN,230907082719,Abudhabi - 01,Abudhabi - 01,Cash,Light Vehicle,22.0,Declined,newcss,env
120,2023-09-07 03:41:13 PM,169408150982645,MUHAMMAD SHERAFGAN ZEESHAN ADIL ABDUL HAMEED ABBASI MUHAMMAD SHERAFGAN ZEESHAN,230907081473,Abudhabi - 01,Abudhabi - 01,Cash,Light Vehicle,22.0,Declined,newcss,env
121,2023-09-07 12:59:34 PM,169407181023899,MUHAMMAD SHERAFGAN ZEESHAN ADIL ABDUL HAMEED ABBASI,230907071774,Abudhabi - 01,Abudhabi - 01,Cash,Light Mech Equipment,44.0,Reactivated,newcss,env
122,2023-09-07 02:24:43 PM,169407691980968,MUHAMMAD SHERAFGAN ZEESHAN ADIL ABDUL HAMEED ABBASI,230907076883,Abudhabi - 01,Abudhabi - 01,Cash,Light Mech Equipment,44.0,Reactivate Rejected,newcss,env
123,2023-09-07 02:26:37 PM,169407703431220,MUHAMMAD SHERAFGAN ZEESHAN ADIL ABDUL HAMEED ABBASI MUHAMMAD SHERAFGAN ZEESHAN,230907076997,Abudhabi - 01,Abudhabi - 01,Cash,Light Vehicle,22.0,Declined,newcss,env
124,2023-09-07 02:23:15 PM,169407683432278,MOHAMMED ALI,230907076795,Abudhabi - 01,,Cash,Heavy Mech Equipment,66.0,Cancelled,newcss,env
125,2023-09-07 02:12:03 PM,169407616023485,MUHAMMAD SHERAFGAN ZEESHAN ADIL ABDUL HAMEED ABBASI MUHAMMAD SHERAFGAN ZEESHAN,230907076123,Abudhabi - 01,Abudhabi - 01,Cash,Light Vehicle,22.0,Declined,newcss,env
126,2023-09-07 02:03:11 PM,169407562754738,MUHAMMAD SHERAFGAN ZEESHAN ADIL ABDUL HAMEED ABBASI MUHAMMAD SHERAFGAN ZEESHAN,230907075591,Abudhabi - 01,Abudhabi - 01,Cash,Light Vehicle,22.0,Declined,newcss,env
127,2023-09-07 02:00:30 PM,169407546669688,MOHAMMED ALI,230907075430,Abudhabi - 01,,Cash,Heavy Mech Equipment,66.0,Cancelled,newcss,env
128,2023-09-07 12:35:20 PM,162891465712647,MUHAMMAD SHERAFGAN ZEESHAN ADIL ABDUL HAMEED ABBASI MUHAMMAD SHERAFGAN ZEESHAN ADIL ABDUL HAMEED ABBASI,230907070320,Abudhabi - 01,,Cash,Motor Cycle,11.11,Cancelled,newcss,env
129,2023-09-07 12:31:37 PM,169407012941766,MUHAMMAD SHERAFGAN ZEESHAN ADIL ABDUL HAMEED ABBASI MUHAMMAD SHERAFGAN ZEESHAN,230907070097,Abudhabi - 01,Abudhabi - 01,Cash,Light Bus,33.0,Declined,newcss,env
130,2023-09-07 12:11:15 PM,169406891337809,MUHAMMAD SHERAFGAN ZEESHAN ADIL ABDUL HAMEED ABBASI,230907068875,Abudhabi - 01,Abudhabi - 01,Cash,Light Mech Equipment,44.0,Redeemed,newcss,env
131,2023-09-06 04:46:33 PM,567654567898543,MUHAMMAD SHERAFGAN ZEESHAN ADIL ABDUL HAMEED ABBASI MUHAMMAD SHERAFGAN ZEESHAN ADIL ABDUL HAMEED ABBASI,230906998993,Abudhabi - 01,Abudhabi - 01,Online,Motor Cycle,11.11,Redeemed,newcss,env
132,2023-09-07 10:04:20 AM,169406129682205,MOHAMMED ALI,230907061260,Abudhabi - 01,,Cash,Heavy Mech Equipment,66.0,Cancelled,newcss,env
133,2023-09-07 10:42:58 AM,169406361248208,MOHAMMED ALI,230907063578,Abudhabi - 01,,Cash,Heavy Mech Equipment,66.0,Cancelled,newcss,env
134,2023-09-07 10:30:46 AM,169406288021207,MOHAMMED ALI,230907062846,Abudhabi - 01,,Cash,Heavy Mech Equipment,66.0,Cancelled,newcss,env
135,2023-09-07 10:06:29 AM,169406142581532,MOHAMMED ALI,230907061389,Abudhabi - 01,,Cash,Heavy Mech Equipment,66.0,Cancelled,newcss,env
136,2023-09-06 04:49:30 PM,169399920552556,MOHAMMED ALI,230906999170,Abudhabi - 01,,Cash,Heavy Mech Equipment,66.0,Cancelled,newcss,env
137,2023-09-06 04:52:24 PM,169399938014224,MOHAMMED ALI,230906999344,Abudhabi - 01,,Cash,Heavy Mech Equipment,66.0,Cancelled,newcss,env
138,2023-09-06 04:59:18 PM,169399978631902,MOHAMMED ALI,230906999758,Abudhabi - 01,,Cash,Heavy Mech Equipment,66.0,Cancelled,newcss,env
139,2023-09-06 04:35:55 PM,169399839011618,MOHAMMED ALI,230906998355,Abudhabi - 01,,Cash,Heavy Mech Equipment,66.0,Created,newcss,env
140,2023-09-06 04:31:22 PM,169399811074402,MOHAMMED ALI,230906998082,Abudhabi - 01,,Cash,Heavy Mech Equipment,66.0,Created,newcss,env
141,2023-09-06 04:25:21 PM,169399775720904,MOHAMMED ALI,230906997721,Abudhabi - 01,,Cash,Heavy Mech Equipment,66.0,Created,newcss,env
142,2023-09-06 11:24:55 AM,169397972728691,MUHAMMAD SHERAFGAN ZEESHAN ADIL ABDUL HAMEED ABBASI,230906979695,Abudhabi - 01,Abudhabi - 01,Cash,Light Bus,33.0,Declined,newcss,env
143,2023-09-06 11:21:02 AM,169397949417652,MUHAMMAD SHERAFGAN ZEESHAN ADIL ABDUL HAMEED ABBASI,230906979462,Abudhabi - 01,Abudhabi - 01,Cash,Light Bus,33.0,Declined,newcss,env
144,2023-09-06 11:17:52 AM,169397930392912,MUHAMMAD SHERAFGAN ZEESHAN ADIL ABDUL HAMEED ABBASI,230906979272,Abudhabi - 01,,Cash,Light Bus,33.0,Created,newcss,env
145,2023-09-06 10:49:13 AM,169397758577827,MUHAMMAD SHERAFGAN ZEESHAN ADIL ABDUL HAMEED ABBASI,230906977553,Abudhabi - 01,Abudhabi - 01,Cash,Light Bus,33.0,Declined,newcss,env
146,2023-09-06 10:46:00 AM,169397739168668,MUHAMMAD SHERAFGAN ZEESHAN ADIL ABDUL HAMEED ABBASI,230906977360,Abudhabi - 01,,Cash,Light Bus,33.0,Created,newcss,env
147,2023-09-05 02:35:00 PM,169390473286932,MUHAMMAD SHERAFGAN ZEESHAN ADIL ABDUL HAMEED ABBASI,230905904700,Abudhabi - 01,Abudhabi - 01,Cash,Light Bus,33.0,Redeemed,newcss,env
148,2023-09-05 02:32:15 PM,169390457056376,MOHAMMED ALI,230905904535,Abudhabi - 01,,Cash,Heavy Mech Equipment,66.0,Cancelled,newcss,env
149,2023-09-05 02:30:03 PM,169390443803043,MOHAMMED ALI,230905904403,Abudhabi - 01,,Cash,Heavy Mech Equipment,66.0,Created,newcss,env
150,2023-09-05 02:28:27 PM,169390434279337,MOHAMMED ALI,230905904307,Abudhabi - 01,,Cash,Heavy Mech Equipment,66.0,Created,newcss,env
151,2023-09-05 02:25:36 PM,169390416942816,MUHAMMAD SHERAFGAN ZEESHAN ADIL ABDUL HAMEED ABBASI,230905904136,Abudhabi - 01,Abudhabi - 01,Cash,Light Bus,33.0,Redeemed,newcss,env
152,2023-09-05 11:30:05 AM,169389363832136,MUHAMMAD SHERAFGAN ZEESHAN ADIL ABDUL HAMEED ABBASI,230905893605,Abudhabi - 01,,Cash,Light Bus,33.0,Cancelled,newcss,env
153,2023-09-05 01:49:10 PM,169390198348216,MUHAMMAD SHERAFGAN ZEESHAN ADIL ABDUL HAMEED ABBASI,230905901950,Abudhabi - 01,Abudhabi - 01,Cash,Light Bus,33.0,Redeemed,newcss,env
154,2023-09-05 01:46:39 PM,169390183360575,MOHAMMED ALI,230905901799,Abudhabi - 01,,Cash,Heavy Mech Equipment,66.0,Cancelled,newcss,env
155,2023-09-05 01:37:28 PM,169390128135606,MUHAMMAD SHERAFGAN ZEESHAN ADIL ABDUL HAMEED ABBASI,230905901248,Abudhabi - 01,Abudhabi - 01,Cash,Light Bus,33.0,Redeemed,newcss,env
156,2023-09-05 01:04:46 PM,169389932054710,MOHAMMED ALI,230905899286,Abudhabi - 01,,Cash,Heavy Mech Equipment,66.0,Cancelled,newcss,env
157,2023-09-05 01:26:04 PM,169390059716550,MUHAMMAD SHERAFGAN ZEESHAN ADIL ABDUL HAMEED ABBASI,230905900564,Abudhabi - 01,Abudhabi - 01,Cash,Light Bus,33.0,Redeemed,newcss,env
158,2023-09-05 01:23:37 PM,169390045077575,MOHAMMED ALI,230905900417,Abudhabi - 01,,Cash,Heavy Mech Equipment,66.0,Cancelled,newcss,env
159,2023-09-05 01:10:53 PM,169389968552779,MUHAMMAD SHERAFGAN ZEESHAN ADIL ABDUL HAMEED ABBASI,230905899653,Abudhabi - 01,Abudhabi - 01,Cash,Light Bus,33.0,Redeemed,newcss,env
160,2023-09-05 01:08:21 PM,169389953559827,MOHAMMED ALI,230905899501,Abudhabi - 01,,Cash,Heavy Mech Equipment,66.0,Cancelled,newcss,env
161,2023-09-05 12:38:08 PM,169389772052301,MUHAMMAD SHERAFGAN ZEESHAN ADIL ABDUL HAMEED ABBASI,230905897688,Abudhabi - 01,Abudhabi - 01,Cash,Light Bus,33.0,Redeemed,newcss,env
162,2023-09-05 11:31:54 AM,169389374699790,MUHAMMAD SHERAFGAN ZEESHAN ADIL ABDUL HAMEED ABBASI,230905893714,Abudhabi - 01,,Cash,Light Bus,33.0,Cancelled,newcss,env
163,2023-09-05 12:24:33 PM,169389690597621,MUHAMMAD SHERAFGAN ZEESHAN ADIL ABDUL HAMEED ABBASI,230905896873,Abudhabi - 01,Abudhabi - 01,Cash,Light Bus,33.0,Redeemed,newcss,env
164,2023-09-05 12:21:52 PM,169389674463690,MOHAMMED ALI,230905896712,Abudhabi - 01,,Cash,Heavy Mech Equipment,66.0,Cancelled,newcss,env
165,2023-09-05 12:09:29 PM,169389600210553,MUHAMMAD SHERAFGAN ZEESHAN ADIL ABDUL HAMEED ABBASI,230905895969,Abudhabi - 01,Abudhabi - 01,Cash,Light Bus,33.0,Redeemed,newcss,env
166,2023-09-05 11:11:56 AM,169389254864024,MUHAMMAD SHERAFGAN ZEESHAN ADIL ABDUL HAMEED ABBASI,230905892516,Abudhabi - 01,Abudhabi - 01,Cash,Light Bus,33.0,Redeemed,newcss,env
167,2023-09-05 10:58:24 AM,169389173715441,MOHAMMED ALI,230905891704,Abudhabi - 01,,Cash,Heavy Mech Equipment,66.0,Cancelled,newcss,env
168,2023-09-05 10:33:16 AM,169389022927220,MOHAMMED ALI,230905890196,Abudhabi - 01,,Cash,Heavy Mech Equipment,66.0,Cancelled,newcss,env
169,2023-09-04 12:36:54 PM,169381124937967,MOHAMMED ALI,230904811214,Abudhabi - 01,,Cash,Heavy Mech Equipment,66.0,Cancelled,newcss,env
170,2023-09-05 10:12:08 AM,169388896136865,MOHAMMED ALI,230905888928,Abudhabi - 01,,Cash,Heavy Mech Equipment,66.0,Cancelled,newcss,env
171,2023-09-04 12:40:15 PM,169381145025398,MOHAMMED ALI,230904811415,Abudhabi - 01,,Cash,Heavy Mech Equipment,66.0,Cancelled,newcss,env
172,2023-09-04 06:16:54 PM,169383164869745,MOHAMMED ALI,230904831614,Abudhabi - 01,,Cash,Heavy Mech Equipment,66.0,Cancelled,newcss,env
173,2023-09-04 02:56:32 PM,169381962735628,MOHAMMED ALI,230904819592,Abudhabi - 01,,Cash,Heavy Mech Equipment,66.0,Cancelled,newcss,env
174,2023-09-04 04:40:43 PM,169382587866205,MOHAMMED ALI,230904825843,Abudhabi - 01,,Cash,Heavy Mech Equipment,66.0,Cancelled,newcss,env
175,2023-09-04 04:33:46 PM,169380461213564,MOHAMMED ALI,230904825426,Abudhabi - 01,,,Heavy Mech Equipment,66.0,Draft,MOHAMMED ALI,
176,2023-09-04 11:33:13 AM,169380742841913,MOHAMMED ALI,230904807393,Abudhabi - 01,,Cash,Heavy Mech Equipment,66.0,Cancelled,newcss,env
177,2023-09-04 11:37:52 AM,169380770670535,MOHAMMED ALI,230904807672,Abudhabi - 01,,Cash,Heavy Mech Equipment,66.0,Cancelled,newcss,env
178,2023-09-04 11:25:55 AM,169380698963714,MOHAMMED ALI,230904806955,Abudhabi - 01,,Cash,Heavy Mech Equipment,66.0,Cancelled,newcss,env
179,2023-08-31 04:40:28 PM,123456765432345,MUHAMMAD SHERAFGAN ZEESHAN ADIL ABDUL HAMEED ABBASI MUHAMMAD SHERAFGAN ZEESHAN ADIL ABDUL HAMEED ABBASI,230831480228,Abudhabi - 01,,Cash,Light Vehicle,22.0,Cancelled,newcss,env
180,2023-09-04 10:49:02 AM,169380478024829,MOHAMMED ALI,230904804742,Abudhabi - 01,,Cash,Light Vehicle,22.0,Cancelled,newcss,env
181,2023-09-04 10:59:47 AM,169380542255526,MOHAMMED ALI,230904805387,Abudhabi - 01,,Cash,Light Vehicle,22.0,Cancelled,newcss,env
182,2023-09-04 10:09:38 AM,169380241555775,MOHAMMED ALI,230904802378,Abudhabi - 01,,Online,Heavy Bus,110.0,Cancelled,newcss,env
183,2023-08-11 05:28:50 PM,451678903879685,MUHAMMAD SHERAFGAN ZEESHAN ADIL ABDUL HAMEED ABBASI MUHAMMAD SHERAFGAN ZEESHAN ADIL ABDUL HAMEED ABBASI,230811755130,Abudhabi - 01,Abudhabi - 01,Cash,Motor Cycle,11.11,Declined,newcss,env
184,2023-08-31 03:01:01 PM,123456765432345,MUHAMMAD SHERAFGAN ZEESHAN ADIL ABDUL HAMEED ABBASI MUHAMMAD SHERAFGAN ZEESHAN ADIL ABDUL HAMEED ABBASI,230831474261,Abudhabi - 01,Abudhabi - 01,Cash,Light Vehicle,22.0,Redeemed,newcss,env
185,2023-08-22 02:14:44 PM,123456789876544,MUHAMMAD SHERAFGAN ZEESHAN ADIL ABDUL HAMEED ABBASI,230822693884,Abudhabi - 01,Abudhabi - 01,Online,Motor Cycle,11.11,Redeemed,newcss,env
186,2023-07-17 12:21:05 PM,214784541474788,MUHAMMAD SHERAFGAN ZEESHAN ADIL ABDUL HAMEED ABBASI,230717576665,Abudhabi - 01,,Online,Light Vehicle,22.0,Expired,MUHAMMAD SHERAFGAN ZEESHAN ADIL ABDUL HAMEED ABBASI,
187,2023-07-17 11:03:30 AM,463157687395164,MUHAMMAD SHERAFGAN ZEESHAN ADIL ABDUL HAMEED ABBASI MUHAMMAD SHERAFGAN ZEESHAN ADIL ABDUL HAMEED ABBASI,230717572010,Abudhabi - 01,,Cash,Motor Cycle,11.11,Expired,newcss,env
188,2023-08-18 02:41:01 PM,784561284668945,MUHAMMAD SHERAFGAN ZEESHAN ADIL ABDUL HAMEED ABBASI,230818349861,Abudhabi - 01,,,Light Vehicle,22.0,Draft,newcss,env
189,2023-06-28 05:32:34 PM,451678903987657,kd,230628953754,Abudhabi - 01,,Cash,Light Bus,33.0,Expired,newcss,env
190,2023-06-28 03:59:46 PM,124256184315364,mohmaed,230628948186,Abudhabi - 01,,Cash,Light Vehicle,22.0,Expired,newcss,env
191,2023-06-28 03:44:50 PM,121212121212121,king,230628947290,Abudhabi - 01,,Cash,Motor Cycle,11.11,Expired,newcss,env
192,2023-06-28 03:36:07 PM,121212121212121,king,230628946767,Abudhabi - 01,,Cash,Light Vehicle,22.0,Expired,newcss,env
193,2023-06-28 03:29:46 PM,451678903987657,kd,230628946386,Abudhabi - 01,,Cash,Heavy Bus,110.0,Expired,newcss,env
194,2023-06-26 06:42:26 PM,123400011234445,MUHAMMAD SHERAFGAN ZEESHAN ADIL ABDUL HAMEED ABBASI MUHAMMAD SHERAFGAN ZEESHAN ADIL ABDUL HAMEED ABBASI,230626785146,Abudhabi - 01,,Cash,Motor Cycle,11.11,Expired,newcss,env
195,2023-06-26 06:30:29 PM,989898989898989,MUHAMMAD SHERAFGAN ZEESHAN ADIL ABDUL HAMEED ABBASI MUHAMMAD SHERAFGAN ZEESHAN ADIL ABDUL HAMEED ABBASI,230626784429,Abudhabi - 01,,Cash,Motor Cycle,11.11,Expired,newcss,env
196,2023-06-26 05:37:27 PM,999999999999991,hgi,230626781247,Abudhabi - 01,,Cash,Heavy Bus,110.0,Expired,newcss,env
197,2023-06-26 05:35:14 PM,999999999999991,hgi,230626781114,Abudhabi - 01,,Cash,Motor Cycle,11.11,Expired,newcss,env
198,2023-06-19 06:40:06 PM,134524657879809,MUHAMMAD SHERAFGAN ZEESHAN ADIL ABDUL HAMEED ABBASI MUHAMMAD SHERAFGAN ZEESHAN ADIL ABDUL HAMEED ABBASI,230619180206,Abudhabi - 01,,Online,Motor Cycle,11.11,Expired,MUHAMMAD SHERAFGAN ZEESHAN ADIL ABDUL HAMEED ABBASI MUHAMMAD SHERAFGAN ZEESHAN ADIL ABDUL HAMEED ABBASI,
199,2022-12-21 05:28:06 PM,345162365413657,MOHAMMED ALI,221221623886,Abudhabi - 01,,Cash,Motor Cycle,10.1,Expired,newcss,env
200,2023-06-08 06:38:27 PM,152834657960971,MUHAMMAD SHERAFGAN ZEESHAN ADIL ABDUL HAMEED ABBASI MUHAMMAD SHERAFGAN ZEESHAN,230608229707,Abudhabi - 01,Abudhabi - 01,Cash,Light Bus,33.0,Expired,newcss,env
201,2023-06-08 06:35:15 PM,124657879138796,MUHAMMAD SHERAFGAN ZEESHAN ADIL ABDUL HAMEED ABBASI,230608229515,Abudhabi - 01,,Online,Light Vehicle,22.0,Expired,newcss,env
202,2023-06-08 06:34:44 PM,314563789087135,MUHAMMAD SHERAFGAN ZEESHAN ADIL ABDUL HAMEED ABBASI MUHAMMAD SHERAFGAN ZEESHAN ADIL ABDUL HAMEED ABBASI,230608229484,Abudhabi - 01,,Cash,Motor Cycle,11.11,Expired,newcss,env
203,2023-05-31 02:43:10 PM,123412341234123,MOHAMMED ALI,230531524390,Abudhabi - 01,Abudhabi - 01,Online,Light Mech Equipment,44.0,Expired,MOHAMMED ALI,
204,2023-06-28 03:45:54 PM,213435154351436,Gowthamraj,230628947354,Abudhabi - 01,Abudhabi - 01,Online,Heavy Mech Equipment,66.0,Redeemed,newcss,env
205,2023-06-28 03:33:54 PM,121212121212121,king,230628946634,Abudhabi - 01,,,Heavy Mech Equipment,66.0,Draft,newcss,env
206,2023-06-23 06:51:07 PM,546127890389756,MUHAMMAD SHERAFGAN ZEESHAN ADIL ABDUL HAMEED ABBASI MUHAMMAD SHERAFGAN ZEESHAN ADIL ABDUL HAMEED ABBASI,230623526467,Abudhabi - 01,,Cash,Motor Cycle,11.11,Expired,newcss,env
207,2023-06-26 06:44:00 PM,451678903987657,kd,230626785240,Abudhabi - 01,,,Motor Cycle,11.11,Draft,newcss,env
208,2023-06-23 01:09:58 PM,999999999999991,hgi,230623505998,Abudhabi - 01,Abudhabi - 01,Cash,Motor Cycle,11.11,Expired,newcss,env
209,2023-06-23 06:53:24 PM,461257838975631,MUHAMMAD SHERAFGAN ZEESHAN ADIL ABDUL HAMEED ABBASI MUHAMMAD SHERAFGAN ZEESHAN ADIL ABDUL HAMEED ABBASI,230623526604,Abudhabi - 01,,Cash,Motor Cycle,11.11,Cancelled,newcss,env
210,2023-06-23 06:38:34 PM,123546713285634,MUHAMMAD SHERAFGAN ZEESHAN ADIL ABDUL HAMEED ABBASI MUHAMMAD SHERAFGAN ZEESHAN ADIL ABDUL HAMEED ABBASI,230623525714,Abudhabi - 01,,Cash,Motor Cycle,11.11,Refund Rejected,newcss,env
211,2023-06-23 06:40:21 PM,124317893587987,MUHAMMAD SHERAFGAN ZEESHAN ADIL ABDUL HAMEED ABBASI MUHAMMAD SHERAFGAN ZEESHAN ADIL ABDUL HAMEED ABBASI,230623525821,Abudhabi - 01,,Cash,Motor Cycle,11.11,Refund Approved,newcss,env
212,2023-06-23 12:54:16 PM,999999999999991,hgi,230623505056,Abudhabi - 01,Abudhabi - 01,Cash,Motor Cycle,11.11,Redeemed,newcss,env
213,2023-05-04 01:19:20 PM,163254689708376,MOHAMMED ALI,230504186560,Abudhabi - 01,,Online,Motor Cycle,11.11,Expired,MOHAMMED ALI,
214,2023-04-27 02:29:36 PM,215643578153713,MOHAMMED ALI,230427585976,Abudhabi - 01,,Cash,Light Bus,33.0,Expired,newcss,env
215,2023-04-25 10:44:17 AM,543165438615376,MOHAMMED ALI,230425399657,Abudhabi - 01,,Online,Light Bus,33.0,Expired,MOHAMMED ALI,
216,2023-04-25 10:42:39 AM,123564715869735,MOHAMMED ALI,230425399559,Abudhabi - 01,,Online,Light Mech Equipment,44.0,Expired,newcss,env
217,2023-04-25 10:40:31 AM,213568790838978,MOHAMMED ALI,230425399431,Abudhabi - 01,,Cash,Heavy Vehicle,110.0,Expired,newcss,env
218,2023-04-21 07:41:07 PM,123516143878134,MOHAMMED ALI,230421086267,Abudhabi - 01,,Online,Heavy Vehicle,110.0,Expired,newcss,env
219,2023-04-17 05:31:25 PM,312568798368574,MOHAMMED ALI,230417732885,Abudhabi - 01,,Cash,Motor Cycle,11.11,Expired,newcss,env
220,2023-04-17 05:30:15 PM,123531665746352,MOHAMMED ALI,230417732815,Abudhabi - 01,,Online,Motor Cycle,11.11,Expired,newcss,env
221,2023-04-17 05:26:20 PM,324567890796324,MOHAMMED ALI,230417732580,Abudhabi - 01,,Online,Light Bus,33.0,Expired,MOHAMMED ALI,
222,2023-04-17 05:23:23 PM,123456487589788,MOHAMMED ALI,230417732403,Abudhabi - 01,,Online,Motor Cycle,11.11,Expired,MOHAMMED ALI,
223,2023-04-17 05:22:28 PM,143635678356767,MOHAMMED ALI,230417732348,Abudhabi - 01,,Cash,Motor Cycle,11.11,Expired,newcss,env
224,2023-04-13 12:34:32 PM,123431536142551,MOHAMMED ALI,230413369472,Abudhabi - 01,,Online,Light Mech Equipment,44.0,Expired,newcss,env
225,2023-04-13 12:23:57 PM,123414735741345,MOHAMMED ALI,230413368837,Abudhabi - 01,,Online,Light Bus,33.0,Expired,newcss,env
226,2023-04-13 12:23:01 PM,123432516356413,MOHAMMED ALI,230413368781,Abudhabi - 01,,Online,Light Mech Equipment,44.0,Expired,newcss,env
227,2023-04-13 12:22:02 PM,214365787356413,MOHAMMED ALI,230413368722,Abudhabi - 01,,Cash,Motor Cycle,11.11,Expired,newcss,env
228,2023-04-13 11:01:05 AM,123415346571785,MOHAMMED ALI,230413363865,Abudhabi - 01,,Online,Light Mech Equipment,44.0,Expired,MOHAMMED ALI,
229,2023-04-13 10:25:11 AM,123456421364566,MOHAMMED ALI,230413361711,Abudhabi - 01,,Online,Motor Cycle,11.11,Expired,MOHAMMED ALI,
230,2023-04-13 10:21:39 AM,123415346571785,MOHAMMED ALI,230413361499,Abudhabi - 01,,Online,Motor Cycle,11.11,Expired,MOHAMMED ALI,
231,2023-04-05 04:34:03 PM,123456789087654,MOHAMMED ALI,230405692643,Abudhabi - 01,,Online,Motor Cycle,11.11,Expired,newcss,env
232,2023-04-05 04:32:53 PM,423165678903765,MOHAMMED ALI,230405692573,Abudhabi - 01,,Cash,Light Vehicle,22.0,Expired,newcss,env
233,2023-04-05 04:31:42 PM,152616387613783,MOHAMMED ALI,230405692502,Abudhabi - 01,,Online,Motor Cycle,11.11,Expired,newcss,env
234,2023-04-05 02:44:17 PM,465678920918793,MOHAMMED ALI,230405686057,Abudhabi - 01,,Online,Motor Cycle,11.11,Expired,newcss,env
235,2023-03-28 05:09:39 PM,648136461384164,MOHAMMED ALI,230328003578,Abudhabi - 01,,Online,Light Mech Equipment,44.0,Expired,newcss,env
236,2023-03-28 03:17:12 PM,133462445578889,MOHAMMED ALI,230328996832,Abudhabi - 01,,Cash,Motor Cycle,11.11,Expired,newcss,env
237,2023-03-28 03:01:51 PM,213456789087965,MOHAMMED ALI,230328995911,Abudhabi - 01,,Online,Light Mech Equipment,44.0,Expired,newcss,env
238,2023-03-28 12:57:26 PM,234567892576897,MOHAMMED ALI,230328988446,Abudhabi - 01,,Cash,Motor Cycle,11.11,Expired,newcss,env
239,2023-03-23 06:50:06 PM,432568971654631,MOHAMMED ALI,230323577606,Abudhabi - 01,Abudhabi - 01,Cash,Motor Cycle,11.11,Expired,newcss,env
240,2023-03-23 06:40:52 PM,256789108735678,MOHAMMED ALI,230323577052,Abudhabi - 01,,Online,Motor Cycle,11.11,Expired,newcss,env
241,2023-03-23 06:38:37 PM,246313576897098,MOHAMMED ALI,230323576917,Abudhabi - 01,,Cash,Motor Cycle,11.11,Expired,newcss,env
242,2023-03-20 03:42:24 PM,345678909012756,MOHAMMED ALI,230320307144,Abudhabi - 01,,Cash,Motor Cycle,11.11,Expired,berlin,berlin
243,2023-03-20 02:34:35 PM,435656897081930,MOHAMMED ALI,230320303075,Abudhabi - 01,,Cash,Light Vehicle,22.0,Expired,newcss,env
244,2023-03-20 02:33:11 PM,125456789278543,MOHAMMED ALI,230320302991,Abudhabi - 01,,Online,Motor Cycle,11.11,Expired,newcss,env
245,2023-03-14 02:18:42 PM,123451657656734,MOHAMMED ALI,230314783722,Abudhabi - 01,,Online,Motor Cycle,11.11,Expired,newcss,env
246,2023-03-14 02:15:11 PM,324567899087195,MOHAMMED ALI,230314783511,Abudhabi - 01,,Online,Motor Cycle,11.11,Expired,newcss,env
247,2022-12-12 02:29:32 PM,351267683561376,MOHAMMED ALI,221212835572,Abudhabi - 01,,Online,Motor Cycle,10.1,Expired,MOHAMMED ALI,
248,2022-12-08 12:39:05 PM,123456787961563,MOHAMMED ALI,221208483345,Abudhabi - 01,,Online,Motor Cycle,10.1,Expired,MOHAMMED ALI,
249,2022-11-22 12:14:16 PM,234561278956465,MOHAMMED ALI,221122099456,Abudhabi - 01,,Cash,Heavy Bus,110.0,Expired,newcss,env
250,2022-11-22 12:11:41 PM,132456789654321,MOHAMMED ALI,221122099301,Abudhabi - 01,,Cash,Light Mech Equipment,44.0,Expired,newcss,env
251,2022-11-22 12:10:40 PM,123456576897076,MOHAMMED ALI,221122099240,Abudhabi - 01,,Cash,Motor Cycle,10.1,Expired,newcss,env
252,2022-11-22 12:09:52 PM,345678909876543,MOHAMMED ALI,221122099192,Abudhabi - 01,,Cash,Motor Cycle,10.1,Expired,newcss,env
253,2022-11-18 07:31:08 PM,378280309833913,MOHAMMED ALI,221118780068,Abudhabi - 01,,Online,Heavy Bus,110.0,Expired,berlin,berlin
254,2022-11-18 07:29:22 PM,345267891075463,MOHAMMED ALI,221118779962,Abudhabi - 01,,Cash,Motor Cycle,10.1,Expired,berlin,berlin
255,2022-11-17 05:48:17 PM,213134254657643,MOHAMMED ALI,221117687497,Abudhabi - 01,,Cash,Motor Cycle,10.1,Expired,newcss,env
256,2022-11-16 05:52:00 PM,324567897654323,MOHAMMED ALI,221116601320,Abudhabi - 01,,Online,Motor Cycle,10.1,Expired,newcss,env
257,2022-11-16 05:44:07 PM,324576819728675,MOHAMMED ALI,221116600847,Abudhabi - 01,,Cash,Motor Cycle,10.1,Expired,newcss,env
258,2022-11-14 02:41:17 PM,324567890876543,MOHAMMED ALI,221114417077,Abudhabi - 01,Abudhabi - 01,Cash,Motor Cycle,10.1,Expired,newcss,env
259,2022-11-11 12:38:36 PM,465498165158484,MOHAMMED ALI,221111150516,Abudhabi - 01,,Cash,Light Mech Equipment,44.0,Expired,berlin,berlin
260,2022-11-11 12:37:54 PM,345689708190278,MOHAMMED ALI,221111150474,Abudhabi - 01,,Online,Motor Cycle,10.1,Expired,berlin,berlin
261,2022-11-11 11:42:09 AM,345657687987615,MOHAMMED ALI,221111147129,Abudhabi - 01,,Cash,Motor Cycle,10.1,Expired,newcss,env
262,2022-11-11 11:28:40 AM,324567897654126,MOHAMMED ALI,221111146320,Abudhabi - 01,,Online,Motor Cycle,10.1,Expired,newcss,env
263,2022-11-11 11:15:56 AM,342567890879654,MOHAMMED ALI,221111145556,Abudhabi - 01,,Online,Motor Cycle,10.1,Expired,newcss,env
264,2022-11-11 11:15:09 AM,324567890281756,MOHAMMED ALI,221111145509,Abudhabi - 01,,Cash,Motor Cycle,10.1,Expired,newcss,env
265,2022-11-11 11:13:56 AM,345678901276546,MOHAMMED ALI,221111145436,Abudhabi - 01,,Cash,Motor Cycle,10.1,Expired,newcss,env
266,2022-11-11 11:12:37 AM,123452675435267,MOHAMMED ALI,221111145357,Abudhabi - 01,,Online,Light Vehicle,22.0,Expired,newcss,env
267,2022-11-09 07:18:19 PM,234567890765432,MOHAMMED ALI,221109001699,Abudhabi - 01,Abudhabi - 01,Cash,Motor Cycle,10.1,Expired,newcss,env
268,2022-11-07 05:17:51 PM,213456613425671,MOHAMMED ALI,221107821671,Abudhabi - 01,,Online,Motor Cycle,10.1,Expired,newcss,env
269,2022-10-31 04:09:16 PM,456789087654678,MOHAMMED ALI,221031212756,Abudhabi - 01,,Online,Heavy Vehicle,110.0,Expired,newcss,env
270,2022-10-31 04:04:46 PM,456789021756467,MOHAMMED ALI,221031212486,Abudhabi - 01,,Online,Motor Cycle,10.1,Expired,MOHAMMED ALI,
271,2022-09-30 10:29:12 AM,435678986542657,MOHAMMED ALI,220930513952,Abudhabi - 01,,Online,Motor Cycle,10.1,Expired,newcss,env
272,2022-09-29 04:28:45 PM,123456789010989,MOHAMMED ALI,220929449125,Abudhabi - 01,,Cash,Motor Cycle,10.1,Expired,newcss,env
273,2022-09-26 06:43:55 PM,784561284668941,MOHAMMED ALI,220926198035,Abudhabi - 01,,Cash,Heavy Bus,110.0,Expired,newcss,env
274,2022-09-23 11:37:18 AM,784561284668945,MUHAMMAD SHERAFGAN ZEESHAN ADIL ABDUL HAMEED ABBASI,220923913238,Abudhabi - 01,,Cash,Light Mech Equipment,44.0,Expired,New,Test
275,2022-09-21 11:44:50 AM,351267890379645,MOHAMMED ALI,220921740890,Abudhabi - 01,,Cash,Motor Cycle,10.1,Expired,newcss,env
276,2022-09-20 06:02:09 PM,145678968574613,MOHAMMED ALI,220920677129,Abudhabi - 01,,Cash,Motor Cycle,10.1,Expired,newcss,env
277,2022-09-16 06:46:04 PM,784561284678945,MOHAMMED ALI,220916334164,Abudhabi - 01,,Online,Light Bus,33.0,Expired,newcss,env
278,2022-09-16 06:40:06 PM,784561284678945,MOHAMMED ALI,220916333806,Abudhabi - 01,,Online,Motor Cycle,10.1,Expired,newcss,env
279,2022-09-16 06:00:36 PM,124512314512312,MOHAMMED ALI,220916331436,Abudhabi - 01,,Online,Motor Cycle,10.1,Expired,MOHAMMED ALI,
280,2022-09-16 05:44:24 PM,712341354534513,MOHAMMED ALI,220916330464,Abudhabi - 01,,Cash,Motor Cycle,10.1,Expired,newcss,env
281,2022-08-25 06:08:57 PM,777777777777778,Test,220825431137,Abudhabi - 01,,Online,Heavy Bus,110.0,Expired,newcss,env
282,2022-08-25 06:06:39 PM,777777777777778,Test,220825430999,Abudhabi - 01,,Cash,Light Vehicle,22.0,Expired,Tenant,Admin
283,2022-08-25 06:04:58 PM,777777777777778,Test,220825430898,Abudhabi - 01,,Cash,Motor Cycle,10.1,Expired,Tenant,Admin
284,2022-08-22 07:41:06 PM,141414141414142,Gowtham,220822177466,Abudhabi - 01,,Online,Motor Cycle,10.1,Expired,Tenant,Admin
285,2022-08-22 07:40:30 PM,141414141414142,Gowtham,220822177430,Abudhabi - 01,,Cash,Light Vehicle,22.0,Expired,Tenant,Admin
286,2022-08-16 05:29:46 PM,123412341313131,Gowthamraja,220816651186,Abudhabi - 01,,Cash,Heavy Vehicle,110.0,Expired,Tenant,Admin
287,2022-08-16 05:28:56 PM,123412341313131,Gowthamraja,220816651136,Abudhabi - 01,,Cash,Heavy Bus,110.0,Expired,Tenant,Admin
288,2022-08-16 01:35:40 PM,123412341515151,Gtwo,220816637140,Abudhabi - 01,,Online,Light Vehicle,22.0,Expired,newcss,env
289,2022-08-16 01:20:20 PM,123412341212121,Gowthamrajaa,220816636220,Abudhabi - 01,,Online,Heavy Vehicle,110.0,Expired,Tenant,Admin
290,2022-08-16 01:10:29 PM,123412341212121,Gowthamrajaa,220816635629,Abudhabi - 01,,Online,Motor Cycle,10.1,Expired,Tenant,Admin
291,2022-08-16 01:09:53 PM,123412341212121,Gowthamrajaa,220816635593,Abudhabi - 01,,Cash,Light Vehicle,22.0,Expired,Tenant,Admin
292,2022-08-12 04:22:15 PM,123412121212121,Gowtham,220812301535,Abudhabi - 01,,Cash,Light Vehicle,22.0,Expired,Tenant,Admin
293,2022-07-25 02:18:23 PM,324178901379651,test,220725738903,Abudhabi - 01,,Cash,Motor Cycle,10.1,Expired,Tenant,Admin
294,2022-07-25 02:16:28 PM,123456123456124,test,220725738788,Abudhabi - 01,,Cash,Motor Cycle,12.0,Expired,Tenant,Admin
295,2022-07-25 02:00:19 PM,123456123456123,gow,220725737819,Abudhabi - 01,,Online,Light Bus,33.0,Expired,gow,
296,2022-07-25 01:52:43 PM,123456123456123,gow,220725737363,Abudhabi - 01,,Online,Light Vehicle,22.0,Expired,gow,
297,2022-07-25 01:50:56 PM,123456123456123,gow,220725737256,Abudhabi - 01,,Cash,Motor Cycle,11.0,Expired,Tenant,Admin
298,2022-07-25 01:39:15 PM,123409871234098,Test,220725736555,Abudhabi - 01,,Online,Motor Cycle,11.0,Expired,Test,
299,2022-07-25 01:37:59 PM,123409871234098,Test,220725736479,Abudhabi - 01,,Cash,Motor Cycle,11.0,Expired,Tenant,Admin
300,2022-07-25 01:34:57 PM,321456879809130,Test,220725736297,Abudhabi - 01,,Cash,Light Vehicle,22.0,Expired,Tenant,Admin
301,2022-07-13 11:26:02 AM,123451234512345,Gtest,220713691762,Abudhabi - 01,Abudhabi - 01,Online,Heavy Bus,110.0,Expired,Gtest,
302,2022-07-13 11:20:24 AM,123451234512345,Gtest,220713691424,Abudhabi - 01,Abudhabi - 01,Online,Motor Cycle,11.0,Expired,Gtest,
303,2022-07-13 11:18:55 AM,123451234512345,Gtest,220713691335,Abudhabi - 01,Abudhabi - 01,Online,Light Vehicle,22.0,Expired,Gtest,
304,2022-06-21 03:24:25 PM,123410981234109,testuser,220621805265,Abudhabi - 01,,Cash,Motor Cycle,11.0,Expired,Tenant,Admin
305,2022-06-21 03:23:38 PM,123410981234109,testuser,220621805218,Abudhabi - 01,,Cash,Light Vehicle,22.0,Expired,Tenant,Admin
306,2022-06-08 07:04:16 PM,109010901090104,Nithya,220608695256,Abudhabi - 01,,Cash,Light Vehicle,22.0,Expired,Tenant,Admin
307,2022-06-01 02:25:16 PM,109010901090109,Troop,220601073716,Abudhabi - 01,,Online,Light Vehicle,22.0,Expired,Troop,
308,2022-05-30 08:04:10 PM,109109109109109,naveen,220530921250,Abudhabi - 01,,Cash,Heavy Vehicle,110.0,Expired,qa,test
309,2022-05-11 10:32:08 AM,878787878787878,priya,220511245328,Abudhabi - 01,Abudhabi - 01,Cash,Motor Cycle,11.0,Expired,Tenant,Admin
310,2022-05-11 10:28:00 AM,878787878787878,priya,220511245080,Abudhabi - 01,Abudhabi - 01,Cash,Light Vehicle,22.0,Expired,Tenant,Admin
311,2022-04-27 06:39:37 PM,199999999999999,Priya,220427064977,Abudhabi - 01,,Online,Heavy Vehicle,110.0,Expired,Priya,
312,2022-04-27 06:38:33 PM,199999999999999,Priya,220427064913,Abudhabi - 01,,Online,Motor Cycle,11.0,Expired,Priya,
313,2022-04-27 06:37:16 PM,199999999999999,Priya,220427064836,Abudhabi - 01,,Online,Light Vehicle,22.0,Expired,Priya,
314,2022-04-27 06:33:11 PM,121313131313131,priya,220427064591,Abudhabi - 01,,Online,Light Mech Equipment,44.0,Expired,priya,
315,2022-04-27 04:49:42 PM,121313131313131,priya,220427058382,Abudhabi - 01,,Online,Heavy Bus,110.0,Expired,priya,
316,2022-04-27 04:33:39 PM,121313131313131,priya,220427057419,Abudhabi - 01,,Cash,Light Bus,33.0,Expired,kumar,shankar
317,2022-04-27 04:06:37 PM,121313131313131,priya,220427055797,Abudhabi - 01,Abudhabi - 01,Online,Light Vehicle,22.0,Expired,priya,
318,2022-04-27 11:49:01 AM,121212121212121,king,220427040341,Abudhabi - 01,,Online,Motor Cycle,11.0,Expired,king,
319,2022-04-27 11:47:58 AM,121212121212121,king,220427040278,Abudhabi - 01,,Online,Heavy Vehicle,110.0,Expired,king,
320,2023-06-19 04:04:40 PM,123676837158693,MUHAMMAD SHERAFGAN ZEESHAN ADIL ABDUL HAMEED ABBASI MUHAMMAD SHERAFGAN ZEESHAN ADIL ABDUL HAMEED ABBASI,230619170880,Abudhabi - 01,Abudhabi - 01,Online,Heavy Mech Equipment,66.0,Redeemed,newcss,env
321,2023-03-24 05:19:28 PM,343567890897954,MOHAMMED ALI,230324658568,Abudhabi - 01,,Cash,Motor Cycle,11.11,Cancelled,newcss,env
322,2023-06-06 03:27:18 PM,413256789038746,MUHAMMAD SHERAFGAN ZEESHAN ADIL ABDUL HAMEED ABBASI,230606045438,Abudhabi - 01,Abudhabi - 01,Online,Light Vehicle,22.0,Reactivate Rejected,newcss,env
323,2023-06-08 06:59:53 PM,231641684164984,MUHAMMAD SHERAFGAN ZEESHAN ADIL ABDUL HAMEED ABBASI MUHAMMAD SHERAFGAN ZEESHAN ADIL ABDUL HAMEED ABBASI,230608230993,Abudhabi - 01,Abudhabi - 01,Online,Motor Cycle,11.11,Redeemed,MUHAMMAD SHERAFGAN ZEESHAN ADIL ABDUL HAMEED ABBASI MUHAMMAD SHERAFGAN ZEESHAN ADIL ABDUL HAMEED ABBASI,
324,2023-06-08 06:58:03 PM,231641684164984,MUHAMMAD SHERAFGAN ZEESHAN ADIL ABDUL HAMEED ABBASI MUHAMMAD SHERAFGAN ZEESHAN ADIL ABDUL HAMEED ABBASI,230608230883,Abudhabi - 01,,Online,Light Mech Equipment,44.0,Refunded,MUHAMMAD SHERAFGAN ZEESHAN ADIL ABDUL HAMEED ABBASI MUHAMMAD SHERAFGAN ZEESHAN ADIL ABDUL HAMEED ABBASI,
325,2023-06-08 06:40:37 PM,123754657638015,MUHAMMAD SHERAFGAN ZEESHAN ADIL ABDUL HAMEED ABBASI MUHAMMAD SHERAFGAN ZEESHAN ADIL ABDUL HAMEED ABBASI,230608229837,Abudhabi - 01,,Cash,Motor Cycle,11.11,Refunded,newcss,env
326,2023-06-08 06:41:50 PM,126545678793156,MOHAMMED ALI,230608229910,Abudhabi - 01,,Cash,Heavy Mech Equipment,66.0,Refunded,newcss,env
327,2023-06-08 06:41:11 PM,125734681726516,MUHAMMAD SHERAFGAN ZEESHAN ADIL ABDUL HAMEED ABBASI MUHAMMAD SHERAFGAN ZEESHAN ADIL ABDUL HAMEED ABBASI,230608229871,Abudhabi - 01,,Online,Motor Cycle,11.11,Cancelled,newcss,env
328,2023-06-08 06:42:30 PM,432168798079809,MUHAMMAD SHERAFGAN ZEESHAN ADIL ABDUL HAMEED ABBASI MUHAMMAD SHERAFGAN ZEESHAN ADIL ABDUL HAMEED ABBASI MUHAMMAD SHERAFGAN ZEESHAN ADIL ABDUL HAMEED A,230608229950,Abudhabi - 01,,Cash,Heavy Vehicle,110.0,Refund Rejected,newcss,env
329,2023-06-08 06:35:51 PM,127589687039863,MUHAMMAD SHERAFGAN ZEESHAN ADIL ABDUL HAMEED ABBASI MUHAMMAD SHERAFGAN ZEESHAN ADIL ABDUL HAMEED ABBASI,230608229551,Abudhabi - 01,,Cash,Motor Cycle,11.11,Cancelled,newcss,env
330,2023-06-08 06:37:21 PM,132565737069578,MUHAMMAD SHERAFGAN ZEESHAN ADIL ABDUL HAMEED ABBASI MUHAMMAD SHERAFGAN ZEESHAN ADIL ABDUL HAMEED ABBASI MUHAMMAD SHERAFGAN ZEESHAN ADIL ABDUL HAMEED A,230608229641,Abudhabi - 01,Abudhabi - 01,Online,Heavy Vehicle,110.0,Redeemed,newcss,env
331,2023-06-08 06:37:54 PM,274361579836431,MUHAMMAD SHERAFGAN ZEESHAN ADIL ABDUL HAMEED ABBASI,230608229674,Abudhabi - 01,Abudhabi - 01,Online,Light Vehicle,22.0,Declined,newcss,env
332,2023-06-08 06:38:56 PM,432546578697090,MUHAMMAD SHERAFGAN ZEESHAN ADIL ABDUL HAMEED ABBASI MUHAMMAD SHERAFGAN ZEESHAN ADIL ABDUL HAMEED ABBASI,230608229736,Abudhabi - 01,Abudhabi - 01,Online,Motor Cycle,11.11,Redeemed,newcss,env
333,2023-06-08 06:39:40 PM,134789098734567,MUHAMMAD SHERAFGAN ZEESHAN ADIL ABDUL HAMEED ABBASI MUHAMMAD SHERAFGAN ZEESHAN ADIL ABDUL HAMEED ABBASI,230608229780,Abudhabi - 01,Abudhabi - 01,Online,Motor Cycle,11.11,Redeemed,newcss,env
334,2023-06-07 05:24:01 PM,321567890875636,MOHAMMED ALI,230607138841,Abudhabi - 01,,Online,Heavy Mech Equipment,66.0,Cancelled,newcss,env
335,2023-06-07 05:21:09 PM,124356879368576,MOHAMMED ALI,230607138669,Abudhabi - 01,,Cash,Heavy Bus,110.0,Cancelled,newcss,env
336,2023-06-07 05:22:31 PM,125689703879566,MOHAMMED ALI,230607138751,Abudhabi - 01,Abudhabi - 01,Online,Light Mech Equipment,44.0,Declined,newcss,env
337,2023-06-07 05:02:12 PM,143245678903789,MOHAMMED ALI,230607137532,Abudhabi - 01,Abudhabi - 01,Cash,Heavy Bus,110.0,Declined,newcss,env
338,2023-06-07 04:58:00 PM,316425768970893,MUHAMMAD SHERAFGAN ZEESHAN ADIL ABDUL HAMEED ABBASI MUHAMMAD SHERAFGAN ZEESHAN ADIL ABDUL HAMEED ABBASI,230607137280,Abudhabi - 01,Abudhabi - 01,Cash,Motor Cycle,11.11,Declined,newcss,env
339,2023-06-07 02:55:07 PM,341567890735667,MUHAMMAD SHERAFGAN ZEESHAN ADIL ABDUL HAMEED ABBASI,230607129907,Abudhabi - 01,Abudhabi - 01,Online,Light Vehicle,22.0,Declined,newcss,env
340,2023-06-07 04:46:11 PM,135278697083987,MOHAMMED ALI,230607136571,Abudhabi - 01,,Cash,Light Mech Equipment,44.0,Cancelled,newcss,env
341,2023-06-07 02:27:58 PM,325146578697083,MUHAMMAD SHERAFGAN ZEESHAN ADIL ABDUL HAMEED ABBASI MUHAMMAD SHERAFGAN ZEESHAN ADIL ABDUL HAMEED ABBASI,230607128278,Abudhabi - 01,Abudhabi - 01,Online,Motor Cycle,11.11,Redeemed,newcss,env
342,2023-06-07 03:40:42 PM,123465786970568,MOHAMMED ALI,230607132642,Abudhabi - 01,,Cash,Light Mech Equipment,44.0,Cancelled,newcss,env
343,2023-06-07 03:39:49 PM,123456768798765,MUHAMMAD SHERAFGAN ZEESHAN ADIL ABDUL HAMEED ABBASI MUHAMMAD SHERAFGAN ZEESHAN ADIL ABDUL HAMEED ABBASI,230607132589,Abudhabi - 01,,Cash,Light Mech Equipment,44.0,Cancelled,newcss,env
344,2023-06-07 03:28:33 PM,123541657367453,MUHAMMAD SHERAFGAN ZEESHAN ADIL ABDUL HAMEED ABBASI MUHAMMAD SHERAFGAN ZEESHAN,230607131913,Abudhabi - 01,,Online,Light Bus,33.0,Cancelled,newcss,env
345,2023-06-07 02:54:03 PM,123478632576718,MOHAMMED ALI,230607129843,Abudhabi - 01,,Cash,Heavy Mech Equipment,66.0,Cancelled,newcss,env
346,2023-06-07 02:57:04 PM,165234576836154,MUHAMMAD SHERAFGAN ZEESHAN ADIL ABDUL HAMEED ABBASI,230607130024,Abudhabi - 01,,Cash,Light Vehicle,22.0,Cancelled,newcss,env
347,2023-06-07 02:28:59 PM,123456789890756,MUHAMMAD SHERAFGAN ZEESHAN ADIL ABDUL HAMEED ABBASI,230607128339,Abudhabi - 01,,Cash,Light Vehicle,22.0,Refunded,newcss,env
348,2023-06-07 11:45:16 AM,761453760879818,MUHAMMAD SHERAFGAN ZEESHAN ADIL ABDUL HAMEED ABBASI MUHAMMAD SHERAFGAN ZEESHAN ADIL ABDUL HAMEED ABBASI,230607118516,Abudhabi - 01,,Online,Motor Cycle,11.11,Refund Rejected,newcss,env
349,2023-06-07 02:29:50 PM,413265768798039,MUHAMMAD SHERAFGAN ZEESHAN ADIL ABDUL HAMEED ABBASI,230607128390,Abudhabi - 01,,Online,Heavy Mech Equipment,66.0,Cancelled,newcss,env
350,2023-06-06 11:58:33 AM,142567893098754,MUHAMMAD SHERAFGAN ZEESHAN ADIL ABDUL HAMEED ABBASI MUHAMMAD SHERAFGAN ZEESHAN ADIL ABDUL HAMEED ABBASI MUHAMMAD SHERAFGAN ZEESHAN ADIL ABDUL HAMEED A,230606032913,Abudhabi - 01,,Cash,Heavy Vehicle,110.0,Cancelled,newcss,env
351,2023-06-07 11:13:59 AM,314725867930189,MUHAMMAD SHERAFGAN ZEESHAN ADIL ABDUL HAMEED ABBASI MUHAMMAD SHERAFGAN ZEESHAN,230607116639,Abudhabi - 01,,Cash,Light Bus,33.0,Cancelled,newcss,env
352,2023-06-06 11:59:59 AM,214563787910735,MUHAMMAD SHERAFGAN ZEESHAN ADIL ABDUL HAMEED ABBASI MUHAMMAD SHERAFGAN ZEESHAN ADIL ABDUL HAMEED ABBASI MUHAMMAD SHERAFGAN ZEESHAN ADIL ABDUL HAMEED A,230606032999,Abudhabi - 01,,Online,Heavy Vehicle,110.0,Cancelled,newcss,env
353,2023-06-05 05:51:02 PM,452173564136875,MUHAMMAD SHERAFGAN ZEESHAN ADIL ABDUL HAMEED ABBASI MUHAMMAD SHERAFGAN ZEESHAN ADIL ABDUL HAMEED ABBASI MUHAMMAD SHERAFGAN ZEESHAN ADIL ABDUL HAMEED A,230605967662,Abudhabi - 01,Abudhabi - 01,Cash,Heavy Vehicle,110.0,Declined,newcss,env
354,2023-06-05 06:28:51 PM,121345356645756,MUHAMMAD SHERAFGAN ZEESHAN ADIL ABDUL HAMEED ABBASI MUHAMMAD SHERAFGAN ZEESHAN,230605969931,Abudhabi - 01,Abudhabi - 01,Online,Light Mech Equipment,44.0,Redeemed,newcss,env
355,2023-06-05 06:31:50 PM,142357689708170,MUHAMMAD SHERAFGAN ZEESHAN ADIL ABDUL HAMEED ABBASI MUHAMMAD SHERAFGAN ZEESHAN ADIL ABDUL HAMEED ABBASI MUHAMMAD SHERAFGAN ZEESHAN ADIL ABDUL HAMEED A,230605970110,Abudhabi - 01,Abudhabi - 01,Online,Heavy Vehicle,110.0,Redeemed,MUHAMMAD SHERAFGAN ZEESHAN ADIL ABDUL HAMEED ABBASI MUHAMMAD SHERAFGAN ZEESHAN ADIL ABDUL HAMEED ABBASI MUHAMMAD SHERAFGAN ZEESHAN ADIL ABDUL HAMEED A,
356,2023-05-31 01:24:19 PM,215645156456323,MOHAMMED ALI,230531519659,Abudhabi - 01,,Online,Heavy Mech Equipment,66.0,Refund Rejected,newcss,env
357,2023-04-27 02:30:17 PM,134463576879089,MOHAMMED ALI,230427586017,Abudhabi - 01,,Online,Light Mech Equipment,44.0,Refunded,newcss,env
358,2023-05-31 02:41:26 PM,123456780197896,MOHAMMED ALI,230531524286,Abudhabi - 01,Abudhabi - 01,Online,Heavy Mech Equipment,66.0,Redeemed,newcss,env
359,2023-05-31 02:42:11 PM,124356478193689,MOHAMMED ALI,230531524331,Abudhabi - 01,Abudhabi - 01,Cash,Heavy Bus,110.0,Declined,newcss,env
360,2023-05-31 02:54:22 PM,123412341234123,MOHAMMED ALI,230531525062,Abudhabi - 01,Abudhabi - 01,Online,Heavy Bus,110.0,Redeemed,MOHAMMED ALI,
361,2023-05-04 01:13:16 PM,514357168576561,MOHAMMED ALI,230504186196,Abudhabi - 01,,Online,Motor Cycle,11.11,Refunded,MOHAMMED ALI,
362,2023-04-27 02:50:12 PM,987654321987654,MOHAMMED ALI,230427587212,Abudhabi - 01,Abudhabi - 01,Online,Light Vehicle,22.0,Reactivate Rejected,MOHAMMED ALI,
363,2023-04-27 02:30:51 PM,898718563273465,MOHAMMED ALI,230427586051,Abudhabi - 01,Abudhabi - 01,Cash,Heavy Vehicle,110.0,Redeemed,newcss,env
364,2023-04-27 02:34:08 PM,987654321987654,MOHAMMED ALI,230427586248,Abudhabi - 01,,Online,Motor Cycle,11.11,Refunded,MOHAMMED ALI,
365,2023-04-27 02:31:28 PM,531687908176857,MOHAMMED ALI,230427586088,Abudhabi - 01,Abudhabi - 01,Online,Heavy Bus,110.0,Redeemed,newcss,env
366,2023-04-25 10:41:47 AM,213526789017396,MOHAMMED ALI,230425399507,Abudhabi - 01,Abudhabi - 01,Online,Light Bus,33.0,Reactivate Rejected,newcss,env
367,2023-04-25 10:41:09 AM,124335164743612,MOHAMMED ALI,230425399469,Abudhabi - 01,Abudhabi - 01,Cash,Light Mech Equipment,44.0,Redeemed,newcss,env
368,2023-04-25 10:40:02 AM,153676819685743,MOHAMMED ALI,230425399402,Abudhabi - 01,Abudhabi - 01,Cash,Motor Cycle,11.11,Redeemed,newcss,env
369,2023-03-23 06:45:42 PM,323478909876543,MOHAMMED ALI,230323577342,Abudhabi - 01,Abudhabi - 01,Cash,Motor Cycle,11.11,Redeemed,newcss,env
370,2023-04-10 10:29:22 AM,142365761783985,MOHAMMED ALI,230410102762,Dubai - 02,Abudhabi - 01,Online,Heavy Bus,110.0,Redeemed,berlin,berlin
371,2023-04-13 09:59:33 AM,123456781653454,MOHAMMED ALI,230413360173,Abudhabi - 01,,,Motor Cycle,11.11,Draft,MOHAMMED ALI,
372,2023-04-13 09:56:36 AM,123456488456469,MOHAMMED ALI,230413359996,Abudhabi - 01,,,Motor Cycle,11.11,Draft,MOHAMMED ALI,
373,2023-04-05 04:38:24 PM,123454678987654,MOHAMMED ALI,230405692904,Abudhabi - 01,Abudhabi - 01,Online,Light Bus,33.0,Redeemed,newcss,env
374,2023-04-05 07:36:23 PM,123456785634256,MOHAMMED ALI,230405703583,Abudhabi - 01,Abudhabi - 01,Online,Light Vehicle,22.0,Redeemed,MOHAMMED ALI,
375,2023-04-12 07:02:24 PM,345678976543656,MOHAMMED ALI,230412306344,Abudhabi - 01,Abudhabi - 01,Online,Light Mech Equipment,44.0,Redeemed,newcss,env
376,2023-04-10 10:27:25 AM,113245678909980,MOHAMMED ALI,230410102645,Abudhabi - 01,,Online,Heavy Vehicle,110.0,Refunded,newcss,env
377,2023-04-10 10:26:45 AM,132435676879887,MOHAMMED ALI,230410102605,Abudhabi - 01,Abudhabi - 01,Cash,Light Mech Equipment,44.0,Declined,newcss,env
378,2023-04-10 10:25:49 AM,214356245786971,MOHAMMED ALI,230410102549,Abudhabi - 01,Abudhabi - 01,Cash,Heavy Bus,110.0,Redeemed,newcss,env
379,2023-04-10 10:24:52 AM,214356245786971,MOHAMMED ALI,230410102492,Abudhabi - 01,Abudhabi - 01,Cash,Heavy Vehicle,110.0,Redeemed,newcss,env
380,2023-04-07 02:21:41 PM,651468415648454,MOHAMMED ALI,230407857501,Abudhabi - 01,Abudhabi - 01,Online,Motor Cycle,11.11,Redeemed,newcss,env
381,2023-04-05 04:44:37 PM,124356786543213,MOHAMMED ALI,230405693277,Abudhabi - 01,,Online,Heavy Vehicle,110.0,Refunded,newcss,env
382,2023-04-06 10:54:20 AM,154915616416546,MOHAMMED ALI,230406758660,Abudhabi - 01,,Online,Light Mech Equipment,44.0,Refund Rejected,newcss,env
383,2023-04-06 03:28:18 PM,132456789076543,MOHAMMED ALI,230406775098,Abudhabi - 01,Abudhabi - 01,Online,Light Mech Equipment,44.0,Redeemed,newcss,env
384,2023-04-05 07:35:24 PM,132456718573424,MOHAMMED ALI,230405703524,Abudhabi - 01,Abudhabi - 01,Cash,Motor Cycle,11.11,Declined,newcss,env
385,2023-04-06 02:56:39 PM,132416871313354,MOHAMMED ALI,230406773199,Abudhabi - 01,Abudhabi - 01,Online,Heavy Vehicle,110.0,Redeemed,newcss,env
386,2023-01-27 03:06:12 PM,784561284668945,MUHAMMAD SHERAFGAN ZEESHAN ADIL ABDUL HAMEED ABBASI,230127812172,Abudhabi - 01,Abudhabi - 01,Cash,Motor Cycle,10.1,Declined,salma,salma
387,2023-04-05 05:06:56 PM,123456785634256,MOHAMMED ALI,230405694616,Abudhabi - 01,,Online,Motor Cycle,11.11,Refunded,MOHAMMED ALI,
388,2023-01-19 04:15:46 PM,234567890976543,MOHAMMED ALI,230119125146,Abudhabi - 01,,Cash,Motor Cycle,10.1,Refunded,newcss,env
389,2022-12-15 06:21:44 PM,231456527867146,MOHAMMED ALI,221215108704,Abudhabi - 01,,Online,Motor Cycle,10.1,Refunded,newcss,env
390,2022-12-12 02:28:00 PM,354678918033789,MOHAMMED ALI,221212835480,Abudhabi - 01,,,Motor Cycle,10.1,Draft,MOHAMMED ALI,
391,2022-12-06 02:32:10 PM,123412341234123,MOHAMMED ALI,221206317330,Abudhabi - 01,,Cash,Motor Cycle,10.1,Refund Rejected,newcss,env
392,2022-12-08 12:36:01 PM,123456761344565,MOHAMMED ALI,221208483161,Abudhabi - 01,Abudhabi - 01,Cash,Motor Cycle,10.1,Reactivate Rejected,newcss,env
393,2022-12-06 02:32:58 PM,123412341234123,MOHAMMED ALI,221206317378,Abudhabi - 01,Abudhabi - 01,Cash,Light Vehicle,22.0,Redeemed,newcss,env
394,2022-05-10 05:38:27 PM,122222222222222,gowtham,220510184507,Abudhabi - 01,Abudhabi - 01,Online,Light Mech Equipment,44.0,Redeemed,Tenant,Admin
395,2022-11-18 11:47:11 AM,123456789076754,MOHAMMED ALI,221118752231,Abudhabi - 01,Abudhabi - 01,Online,Motor Cycle,10.1,Redeemed,newcss,env
396,2022-11-17 03:26:55 PM,132456789076543,MOHAMMED ALI,221117679015,Abudhabi - 01,Abudhabi - 01,Online,Heavy Vehicle,110.0,Reactivate Rejected,newcss,env
397,2022-11-17 03:24:44 PM,546789013736516,MOHAMMED ALI,221117678884,Abudhabi - 01,Abudhabi - 01,Cash,Motor Cycle,10.1,Redeemed,newcss,env
398,2022-11-17 11:15:04 AM,123456789156342,MOHAMMED ALI,221117663904,Abudhabi - 01,,Online,Motor Cycle,10.1,Refunded,newcss,env
399,2022-11-17 03:25:44 PM,324567890987654,MOHAMMED ALI,221117678944,Abudhabi - 01,Abudhabi - 01,Online,Light Vehicle,22.0,Declined,newcss,env
400,2022-11-17 03:28:08 PM,345678901287736,MOHAMMED ALI,221117679088,Abudhabi - 01,Abudhabi - 01,Cash,Light Mech Equipment,44.0,Redeemed,newcss,env
401,2022-11-11 11:11:25 AM,345678907861245,MOHAMMED ALI,221111145285,Abudhabi - 01,Abudhabi - 01,Online,Motor Cycle,10.1,Redeemed,newcss,env
402,2022-11-11 11:10:34 AM,345678291079656,MOHAMMED ALI,221111145234,Abudhabi - 01,Abudhabi - 01,Cash,Motor Cycle,10.1,Redeemed,newcss,env
403,2022-11-07 05:20:00 PM,354678790291807,MOHAMMED ALI,221107821800,Abudhabi - 01,,Cash,Heavy Vehicle,110.0,Refunded,newcss,env
404,2022-05-10 03:14:30 PM,122222222222222,gowtham,220510175870,Abudhabi - 01,,Online,Motor Cycle,11.0,Refunded,gowtham,
405,2022-11-07 05:19:06 PM,345678902781564,MOHAMMED ALI,221107821746,Abudhabi - 01,Abudhabi - 01,Cash,Motor Cycle,10.1,Redeemed,newcss,env
406,2022-11-07 05:21:09 PM,456787902187965,MOHAMMED ALI,221107821869,Abudhabi - 01,Abudhabi - 01,Online,Light Bus,33.0,Redeemed,newcss,env
407,2022-10-31 04:06:46 PM,345678909876543,MOHAMMED ALI,221031212606,Abudhabi - 01,Abudhabi - 01,Cash,Motor Cycle,10.1,Redeemed,newcss,env
408,2022-09-26 07:11:24 PM,125612768790179,MOHAMMED ALI,220926199684,Abudhabi - 01,,Cash,Heavy Vehicle,110.0,Refunded,newcss,env
409,2022-09-26 03:01:04 PM,784561284668945,MUHAMMAD SHERAFGAN ZEESHAN ADIL ABDUL HAMEED ABBASI,220926184664,Abudhabi - 01,Abudhabi - 01,Cash,Motor Cycle,10.1,Declined,newcss,env
410,2022-09-26 06:45:14 PM,784561284668949,MOHAMMED ALI,220926198114,Abudhabi - 01,Abudhabi - 01,Online,Motor Cycle,10.1,Redeemed,newcss,env
411,2022-09-16 06:47:06 PM,784561284678945,MOHAMMED ALI,220916334226,Abudhabi - 01,Abudhabi - 01,Cash,Light Mech Equipment,44.0,Redeemed,newcss,env
412,2022-04-27 11:36:03 AM,131313131313131,Maheswari,220427039563,Abudhabi - 01,Abudhabi - 01,Online,Light Mech Equipment,44.0,Redeemed,Maheswari,
413,2022-09-15 04:57:54 PM,777777777777774,NOUR M WAYEL SAHLOUL,220915241274,Abudhabi - 01,Abudhabi - 01,Cash,Heavy Bus,110.0,Declined,newcss,env
414,2022-09-16 05:47:19 PM,784561284678945,MOHAMMED ALI,220916330639,Abudhabi - 01,Abudhabi - 01,Online,Light Vehicle,22.0,Redeemed,newcss,env
415,2022-09-16 06:03:07 PM,124512314512312,MOHAMMED ALI,220916331587,Abudhabi - 01,Abudhabi - 01,Online,Heavy Vehicle,110.0,Declined,MOHAMMED ALI,
416,2022-09-16 06:05:57 PM,124512314512311,MOHAMMED ALI,220916331757,Abudhabi - 01,Abudhabi - 01,Online,Motor Cycle,10.1,Redeemed,MOHAMMED ALI,
417,2022-09-16 05:56:47 PM,123412345124312,MOHAMMED ALI,220916331207,Abudhabi - 01,,,Motor Cycle,10.1,Draft,MOHAMMED ALI,
418,2022-08-16 01:12:32 PM,123412341313131,Gowthamraja,220816635752,Abudhabi - 01,Abudhabi - 01,Online,Light Vehicle,22.0,Redeemed,Gowthamraja,
419,2022-08-16 01:56:09 PM,123412341212121,Gowthamrajaa,220816638369,Abudhabi - 01,Abudhabi - 01,Cash,Light Bus,33.0,Redeemed,Tenant,Admin
420,2022-07-25 02:06:54 PM,123456123456123,gow,220725738214,Abudhabi - 01,,,Heavy Bus,110.0,Draft,Tenant,Admin
421,2022-07-25 02:05:56 PM,123456123456123,gow,220725738156,Abudhabi - 01,,,Light Mech Equipment,44.0,Draft,gow,
422,2022-07-25 01:32:16 PM,123435128976536,Gow,220725736136,Abudhabi - 01,Abudhabi - 01,Cash,Light Vehicle,22.0,Redeemed,Tenant,Admin
423,2022-07-13 02:06:54 PM,123456123451231,testuser,220713701414,Abudhabi - 01,,Online,Light Vehicle,22.0,Refunded,testuser,
424,2022-07-13 01:44:49 PM,123456781234567,Demo,220713700089,Abudhabi - 01,Abudhabi - 01,Cash,Light Vehicle,22.0,Redeemed,Tenant,Admin
425,2022-07-13 11:39:21 AM,123456712345671,TestG,220713692561,Abudhabi - 01,,Online,Motor Cycle,11.0,Refund Rejected,Tenant,Admin
426,2022-07-13 11:37:48 AM,123456712345671,TestG,220713692468,Abudhabi - 01,,Cash,Light Vehicle,22.0,Refunded,Tenant,Admin
427,2022-07-13 11:25:00 AM,123451234512345,Gtest,220713691700,Abudhabi - 01,Abudhabi - 01,Online,Light Mech Equipment,44.0,Redeemed,Gtest,
428,2022-07-13 11:23:03 AM,123451234512345,Gtest,220713691583,Abudhabi - 01,Abudhabi - 01,Online,Light Bus,33.0,Redeemed,Gtest,
429,2022-07-13 11:21:25 AM,123451234512345,Gtest,220713691485,Abudhabi - 01,Abudhabi - 01,Online,Heavy Vehicle,110.0,Redeemed,Gtest,
430,2022-07-13 11:10:13 AM,123451234512341,Testuser,220713690813,Abudhabi - 01,,Online,Light Mech Equipment,44.0,Refund Rejected,Testuser,
431,2022-07-13 11:09:04 AM,123451234512341,Testuser,220713690744,Abudhabi - 01,,Online,Heavy Bus,110.0,Refund Approved,Testuser,
432,2022-07-13 11:08:10 AM,123451234512341,Testuser,220713690690,Abudhabi - 01,,Online,Light Bus,33.0,Refund Approved,Testuser,
433,2022-07-13 11:07:06 AM,123451234512341,Testuser,220713690626,Abudhabi - 01,,Online,Heavy Vehicle,110.0,Refund Approved,Testuser,
434,2022-07-13 11:06:12 AM,123451234512341,Testuser,220713690572,Abudhabi - 01,,Online,Motor Cycle,11.0,Refund Approved,Testuser,
435,2022-07-13 11:04:24 AM,123451234512341,Testuser,220713690464,Abudhabi - 01,,Online,Light Vehicle,22.0,Refund Approved,Testuser,
436,2022-06-21 03:25:31 PM,123410981234109,testuser,220621805331,Abudhabi - 01,,Online,Light Bus,33.0,Refunded,Tenant,Admin
437,2022-06-21 03:24:58 PM,123410981234109,testuser,220621805298,Abudhabi - 01,,Cash,Heavy Vehicle,110.0,Refund Rejected,Tenant,Admin
438,2022-06-19 06:54:00 PM,142314231423142,Ben,220619645040,Abudhabi - 01,,Cash,Light Vehicle,22.0,Refund Approved,Tenant,Admin
439,2022-06-14 03:46:21 PM,123456789012345,Troop,220614201781,Abudhabi - 01,,,Light Vehicle,22.0,Draft,Troop,
440,2022-06-14 02:28:34 PM,131313131313131,Maheswari,220614197114,Abudhabi - 01,Abudhabi - 01,Cash,Heavy Bus,110.0,Reactivate Rejected,Tenant,Admin
441,2022-06-14 01:57:33 PM,109010901090109,Troop,220614195253,Abudhabi - 01,,Online,Light Mech Equipment,44.0,Refund Approved,Troop,
442,2022-06-09 12:37:06 PM,121121121121121,kurup,220609758426,Abudhabi - 01,Sharjah - 03,Cash,Heavy Bus,110.0,Redeemed,Tenant,Admin
443,2022-06-09 12:23:51 PM,100100100100100,checkreactivate,220609757631,Abudhabi - 01,Abudhabi - 01,Online,Light Vehicle,22.0,Redeemed,checkreactivate,
444,2022-06-09 11:42:12 AM,107010701070107,ranjith,220609755132,Abudhabi - 01,,Online,Light Vehicle,22.0,Refunded,ranjith,
445,2022-06-08 07:30:11 PM,108010801080108,Diva,220608696811,Abudhabi - 01,Abudhabi - 01,Online,Motor Cycle,11.0,Redeemed,Tenant,Admin
446,2022-06-08 07:29:05 PM,108010801080108,Diva,220608696745,Dubai - 02,Abudhabi - 01,Online,Light Vehicle,22.0,Redeemed,Diva,
447,2022-06-08 07:15:52 PM,109010901090108,gowtham raja,220608695952,Abudhabi - 01,Abudhabi - 01,Cash,Light Vehicle,22.0,Redeemed,Tenant,Admin
448,2022-06-08 07:03:09 PM,104010401040104,Nithya,220608695189,Dubai - 02,Abudhabi - 01,Online,Light Vehicle,22.0,Declined,Nithya,
449,2022-06-06 03:42:41 PM,109010901090109,Troop,220606510361,Abudhabi - 01,,Online,Heavy Bus,110.0,Refunded,Troop,
450,2022-06-02 12:40:21 PM,101010101010101,Gowtham,220602153821,Abudhabi - 01,,Online,Light Vehicle,22.0,Refunded,Gowtham,
451,2022-06-02 11:05:04 AM,109010901090109,Troop,220602148104,Abudhabi - 01,,Online,Light Bus,33.0,Refund Rejected,Troop,
452,2022-05-30 03:26:08 PM,109109109109109,naveen,220530904568,Abudhabi - 01,,Online,Motor Cycle,11.0,Refund Approved,naveen,
453,2022-05-30 03:07:24 PM,109109109109109,naveen,220530903444,Abudhabi - 01,,Online,Light Vehicle,22.0,Refund Approved,naveen,
454,2022-05-11 10:18:34 AM,898989898989898,gowtham,220511244514,Abudhabi - 01,,Online,Light Vehicle,22.0,Refund Rejected,gowtham,
455,2022-05-11 10:23:24 AM,898989898989898,gowtham,220511244804,Abudhabi - 01,,Cash,Motor Cycle,11.0,Refunded,Tenant,Admin
456,2022-05-11 09:38:04 AM,134134134134134,priya,220511242084,Abudhabi - 01,,Cash,Motor Cycle,11.0,Refunded,Tenant,Admin
457,2022-05-11 09:23:09 AM,122222222222222,gowtham,220511241189,Abudhabi - 01,,Online,Heavy Bus,110.0,Refunded,gowtham,
458,2022-05-11 09:25:15 AM,134134134134134,priya,220511241315,Abudhabi - 01,Abudhabi - 01,Cash,Light Vehicle,22.0,Reactivate Rejected,Tenant,Admin
459,2022-05-10 03:26:33 PM,122222222222222,gowtham,220510176593,Abudhabi - 01,,Cash,Light Bus,33.0,Refunded,Tenant,Admin
460,2022-05-10 03:21:05 PM,122222222222222,gowtham,220510176265,Abudhabi - 01,,Online,Heavy Vehicle,110.0,Refunded,gowtham,
461,2022-05-10 03:13:03 PM,122222222222222,gowtham,220510175783,Abudhabi - 01,,Online,Light Vehicle,22.0,Refund Rejected,gowtham,
462,2022-04-28 12:43:06 PM,188888888888888,Mohana,220428129986,Abudhabi - 01,,,Light Bus,33.0,Draft,Tenant,Admin
463,2022-04-28 12:23:59 PM,188888888888888,Mohana,220428128839,Abudhabi - 01,,Cash,Heavy Vehicle,110.0,Refunded,Tenant,Admin
464,2022-04-28 11:47:24 AM,188888888888888,Mohana,220428126644,Abudhabi - 01,Abudhabi - 01,Online,Light Vehicle,22.0,Redeemed,Mohana,
465,2022-04-28 10:34:57 AM,125456765677776,Raja,220428122297,Abudhabi - 01,,,Light Vehicle,22.0,Draft,Raja,
466,2022-04-28 10:32:45 AM,199999999999999,Priya,220428122165,Abudhabi - 01,,,Light Bus,33.0,Draft,Priya,
467,2022-04-27 06:40:37 PM,199999999999999,Priya,220427065037,Abudhabi - 01,Abudhabi - 01,Online,Light Bus,33.0,Redeemed,Priya,
468,2022-04-27 11:45:52 AM,121212121212121,king,220427040152,Abudhabi - 01,Abudhabi - 01,Online,Light Vehicle,22.0,Declined,king,
469,2022-04-27 11:42:06 AM,131313131313131,Maheswari,220427039926,Ajman - 04,Abudhabi - 01,Online,Heavy Bus,60.5,Redeemed,Maheswari,
470,2022-04-26 03:34:18 PM,131313131313131,Maheswari,220426967458,Abudhabi - 01,,Online,Light Bus,33.0,Refund Approved,Maheswari,
471,2022-04-26 11:19:41 AM,131313131313131,Maheswari,220426952181,Abudhabi - 01,Abudhabi - 01,Online,Heavy Vehicle,110.0,Declined,Maheswari,
472,2022-04-26 11:00:05 AM,131313131313131,Maheswari,220426951005,Abudhabi - 01,,Online,Motor Cycle,11.0,Refund Approved,Maheswari,
473,2022-04-26 10:46:43 AM,131313131313131,Maheswari,220426950203,Abudhabi - 01,,Online,Light Vehicle,22.0,Refund Approved,Maheswari,
474,2022-04-20 05:52:44 PM,444444444444444,Nameone,220420457364,Abudhabi - 01,Abudhabi - 01,Cash,Light Vehicle,22.0,Declined,Tenant,Admin
475,2022-04-20 05:24:00 PM,444444444444444,Nameone,220420455640,Abudhabi - 07,Abudhabi - 01,Cash,Motor Cycle,11.0,Declined,Nameone,
476,2022-04-20 05:17:15 PM,444444444444444,Nameone,220420455235,Abudhabi - 01,Abudhabi - 01,Online,Light Vehicle,22.0,Refund Approved,Nameone,
477,2022-04-20 12:29:35 PM,111111111111114,jo,220420437975,dubai - 08,Abudhabi - 01,Online,Heavy Bus,55.0,Redeemed,jo,
478,2022-04-20 12:04:34 PM,111111111111114,jo,220420436473,Abudhabi - 01,Abudhabi - 01,Online,Motor Cycle,11.0,Declined,jo,
479,2022-04-20 10:20:38 AM,111111111111114,jo,220420430238,Abudhabi - 04,Abudhabi - 01,Online,Light Vehicle,22.0,Redeemed,jo,
480,2022-04-18 12:34:11 PM,999999999999998,link,220418265451,Abudhabi - 01,Abudhabi - 01,Online,Heavy Vehicle,110.0,Redeemed,link,
481,2022-04-11 05:00:47 PM,111111111111115,jai,220411676647,Dubai - 02,Abudhabi - 01,Online,Heavy Vehicle,110.0,Declined,jai,
482,2022-04-11 02:14:16 PM,111111111111115,jai,220411666656,Abudhabi - 04,Abudhabi - 01,Online,Motor Cycle,11.0,Redeemed,jai,
483,2022-04-08 03:50:43 PM,111111111111114,jo,220408413243,Abudhabi - 01,Sharjah - 03,Online,Light Vehicle,22.0,Redeemed,jo,
484,2022-04-07 06:17:12 PM,111222223333333,Pandi,220407335632,Abudhabi - 01,Abudhabi - 01,Online,Light Vehicle,22.0,Redeemed,Pandi,
